timestamp,Open,High,Low,Close,Volume
2025-09-09 09:30:00-04:00,4508.3,4530.16,4503.11,4521.09,17419
2025-09-09 09:45:00-04:00,4521.09,4521.09,4477.82,4482.31,28446
2025-09-09 10:00:00-04:00,4482.31,4486.49,4472.74,4477.28,9865
2025-09-09 10:15:00-04:00,4477.28,4488.94,4474.12,4475.24,9192
2025-09-09 10:30:00-04:00,4475.24,4479.53,4463.31,4475.24,9676
2025-09-09 10:45:00-04:00,4475.24,4480.99,4459.09,4461.79,11958
2025-09-09 11:00:00-04:00,4461.79,4461.79,4453.11,4458.88,7682
2025-09-09 11:15:00-04:00,4458.88,4468.18,4456.7,4467.07,5098
2025-09-09 11:30:00-04:00,4467.07,4494.61,4461.89,4491.96,7090
2025-09-09 11:45:00-04:00,4491.96,4504.42,4491.96,4499.95,5787
2025-09-09 12:00:00-04:00,4499.95,4515.1,4496.36,4512.14,5815
2025-09-09 12:15:00-04:00,4512.14,4514.53,4498.09,4500.22,7683
2025-09-09 12:30:00-04:00,4500.22,4503.17,4495.9,4499.46,4687
2025-09-09 12:45:00-04:00,4499.46,4504.49,4493.92,4499.73,5823
2025-09-09 13:00:00-04:00,4499.73,4504.35,4497.78,4502.67,4969
2025-09-09 13:15:00-04:00,4502.67,4502.67,4488.27,4495.02,8227
2025-09-09 13:30:00-04:00,4495.02,4503.18,4488.16,4491.32,9959
2025-09-09 13:45:00-04:00,4491.32,4510.8,4486.95,4508.13,15422
2025-09-09 14:00:00-04:00,4508.13,4524.62,4502.19,4522.09,15056
2025-09-09 14:15:00-04:00,4522.09,4551.85,4519.18,4548.34,11779
2025-09-09 14:30:00-04:00,4548.34,4548.34,4531.46,4533.5,8376
2025-09-09 14:45:00-04:00,4533.5,4540.86,4529.87,4537.38,8618
2025-09-09 15:00:00-04:00,4537.38,4546.35,4536.53,4540.57,8513
2025-09-09 15:15:00-04:00,4540.57,4552.05,4536.77,4541.39,15440
2025-09-09 15:30:00-04:00,4541.39,4544.11,4495.55,4498.21,12042
2025-09-09 15:45:00-04:00,4498.21,4512.62,4492.02,4506.79,9472
2025-09-09 16:00:00-04:00,4506.79,4529.93,4504.06,4522.4,15764
2025-09-09 16:15:00-04:00,4522.4,4536.09,4516.81,4530.09,17193
2025-09-09 16:30:00-04:00,4530.09,4530.09,4517.08,4524.85,5456
2025-09-10 09:30:00-04:00,4537.73,4549.99,4525.52,4546.08,16358
2025-09-10 09:45:00-04:00,4546.08,4569.06,4533.28,4564.52,19165
2025-09-10 10:00:00-04:00,4564.52,4573.57,4556.83,4570.68,8536
2025-09-10 10:15:00-04:00,4570.68,4572.27,4552.46,4568.01,13112
2025-09-10 10:30:00-04:00,4568.01,4576.19,4555.15,4559.32,16062
2025-09-10 10:45:00-04:00,4559.32,4570.47,4551.0,4554.99,9093
2025-09-10 11:00:00-04:00,4554.99,4555.45,4526.19,4535.1,12268
2025-09-10 11:15:00-04:00,4535.1,4551.47,4532.9,4549.87,7895
2025-09-10 11:30:00-04:00,4549.87,4581.92,4548.09,4581.34,7623
2025-09-10 11:45:00-04:00,4581.34,4581.73,4556.49,4558.65,10419
2025-09-10 12:00:00-04:00,4558.65,4567.43,4556.98,4565.86,5251
2025-09-10 12:15:00-04:00,4565.86,4577.08,4565.73,4567.47,6932
2025-09-10 12:30:00-04:00,4567.47,4571.64,4563.96,4567.67,4709
2025-09-10 12:45:00-04:00,4567.67,4568.33,4549.24,4550.74,6023
2025-09-10 13:00:00-04:00,4550.74,4553.43,4537.65,4542.58,7013
2025-09-10 13:15:00-04:00,4542.58,4551.27,4537.49,4550.42,5270
2025-09-10 13:30:00-04:00,4550.42,4559.6,4546.18,4558.33,8677
2025-09-10 13:45:00-04:00,4558.33,4568.42,4555.52,4557.89,7874
2025-09-10 14:00:00-04:00,4557.89,4575.96,4557.89,4570.1,9144
2025-09-10 14:15:00-04:00,4570.1,4577.72,4566.95,4573.78,8766
2025-09-10 14:30:00-04:00,4573.78,4577.6,4564.73,4569.18,9800
2025-09-10 14:45:00-04:00,4569.18,4585.64,4567.12,4579.73,9769
2025-09-10 15:00:00-04:00,4579.73,4593.25,4575.02,4578.97,10137
2025-09-10 15:15:00-04:00,4578.97,4584.12,4568.93,4570.63,7997
2025-09-10 15:30:00-04:00,4570.63,4573.18,4553.02,4558.05,8842
2025-09-10 15:45:00-04:00,4558.05,4569.04,4550.63,4563.83,10876
2025-09-10 16:00:00-04:00,4563.83,4571.02,4551.28,4562.31,19148
2025-09-10 16:15:00-04:00,4562.31,4572.0,4560.05,4566.91,17095
2025-09-11 09:30:00-04:00,4563.82,4567.46,4522.68,4535.87,18647
2025-09-11 09:45:00-04:00,4535.87,4544.84,4513.45,4519.77,19750
2025-09-11 10:00:00-04:00,4519.77,4523.89,4505.62,4521.26,12834
2025-09-11 10:15:00-04:00,4521.26,4558.94,4518.55,4552.81,16844
2025-09-11 10:30:00-04:00,4552.81,4552.95,4534.72,4547.05,9299
2025-09-11 10:45:00-04:00,4547.05,4561.22,4544.58,4546.66,9804
2025-09-11 11:00:00-04:00,4546.66,4556.05,4543.8,4546.22,8450
2025-09-11 11:15:00-04:00,4546.22,4548.04,4539.43,4542.49,5769
2025-09-11 11:30:00-04:00,4542.49,4546.74,4517.43,4520.23,6272
2025-09-11 11:45:00-04:00,4520.23,4522.51,4491.63,4494.11,7193
2025-09-11 12:00:00-04:00,4494.11,4494.89,4469.55,4472.66,6128
2025-09-11 12:15:00-04:00,4472.66,4480.05,4470.86,4477.51,4495
2025-09-11 12:30:00-04:00,4477.51,4482.12,4475.2,4476.9,5858
2025-09-11 12:45:00-04:00,4476.9,4478.66,4472.6,4474.23,5251
2025-09-11 13:00:00-04:00,4474.23,4495.25,4470.99,4491.01,8015
2025-09-11 13:15:00-04:00,4491.01,4497.22,4486.64,4492.74,7155
2025-09-11 13:30:00-04:00,4492.74,4506.89,4491.72,4505.38,9354
2025-09-11 13:45:00-04:00,4505.38,4523.78,4500.13,4520.9,16060
2025-09-11 14:00:00-04:00,4520.9,4528.32,4518.8,4524.14,12221
2025-09-11 14:15:00-04:00,4524.14,4527.54,4507.46,4512.29,9588
2025-09-11 14:30:00-04:00,4512.29,4524.49,4508.5,4521.67,10017
2025-09-11 14:45:00-04:00,4521.67,4522.86,4515.26,4518.89,8611
2025-09-11 15:00:00-04:00,4518.89,4518.89,4500.66,4503.26,9243
2025-09-11 15:15:00-04:00,4503.26,4506.52,4495.47,4498.46,10413
2025-09-11 15:30:00-04:00,4498.46,4515.26,4497.24,4514.09,8921
2025-09-11 15:45:00-04:00,4514.09,4515.43,4494.72,4502.56,8986
2025-09-11 16:00:00-04:00,4502.56,4509.0,4496.37,4501.04,16427
2025-09-11 16:15:00-04:00,4501.04,4523.4,4496.46,4505.75,25052
2025-09-11 16:30:00-04:00,4505.75,4507.8,4488.79,4492.34,11206
2025-09-12 09:30:00-04:00,4502.9,4506.38,4474.28,4485.85,18388
2025-09-12 09:45:00-04:00,4485.85,4490.22,4463.81,4479.39,21765
2025-09-12 10:00:00-04:00,4479.39,4533.89,4479.39,4531.21,15026
2025-09-12 10:15:00-04:00,4531.21,4536.88,4522.39,4526.36,9720
2025-09-12 10:30:00-04:00,4526.36,4536.86,4521.19,4527.87,8866
2025-09-12 10:45:00-04:00,4527.87,4549.88,4525.7,4539.08,10094
2025-09-12 11:00:00-04:00,4539.08,4551.13,4538.51,4546.31,7071
2025-09-12 11:15:00-04:00,4546.31,4566.73,4544.62,4562.72,8560
2025-09-12 11:30:00-04:00,4562.72,4567.52,4559.28,4559.8,5324
2025-09-12 11:45:00-04:00,4559.8,4577.81,4559.66,4576.53,8120
2025-09-12 12:00:00-04:00,4576.53,4588.48,4563.75,4572.4,11122
2025-09-12 12:15:00-04:00,4572.4,4578.89,4570.24,4576.96,4628
2025-09-12 12:30:00-04:00,4576.96,4580.35,4568.33,4570.22,5123
2025-09-12 12:45:00-04:00,4570.22,4572.36,4543.51,4545.76,8617
2025-09-12 13:00:00-04:00,4545.76,4549.55,4538.95,4547.59,6880
2025-09-12 13:15:00-04:00,4547.59,4559.64,4547.57,4554.4,6077
2025-09-12 13:30:00-04:00,4554.4,4555.79,4542.99,4548.0,8393
2025-09-12 13:45:00-04:00,4548.0,4556.12,4543.89,4546.25,11046
2025-09-12 14:00:00-04:00,4546.25,4558.44,4546.25,4550.32,8941
2025-09-12 14:15:00-04:00,4550.32,4559.56,4547.61,4552.81,7914
2025-09-12 14:30:00-04:00,4552.81,4557.58,4547.05,4553.97,9257
2025-09-12 14:45:00-04:00,4553.97,4562.65,4548.06,4561.1,9567
2025-09-12 15:00:00-04:00,4561.1,4574.76,4555.79,4571.26,9592
2025-09-12 15:15:00-04:00,4571.26,4584.16,4566.66,4578.55,9564
2025-09-12 15:30:00-04:00,4578.55,4592.61,4569.02,4590.25,9882
2025-09-12 15:45:00-04:00,4590.25,4598.35,4582.64,4584.21,10654
2025-09-12 16:00:00-04:00,4584.21,4594.0,4558.28,4564.53,49703
2025-09-12 16:15:00-04:00,4564.53,4569.01,4549.69,4551.93,20077
2025-09-12 16:30:00-04:00,4551.93,4555.53,4551.93,4554.93,834
2025-09-15 09:30:00-04:00,4545.2,4554.15,4528.62,4539.91,17220
2025-09-15 09:45:00-04:00,4539.91,4555.07,4534.84,4546.21,19476
2025-09-15 10:00:00-04:00,4546.21,4551.6,4518.05,4521.77,11074
2025-09-15 10:15:00-04:00,4521.77,4531.76,4514.36,4521.26,8008
2025-09-15 10:30:00-04:00,4521.26,4521.26,4502.29,4505.49,9863
2025-09-15 10:45:00-04:00,4505.49,4511.07,4481.93,4486.22,12816
2025-09-15 11:00:00-04:00,4486.22,4486.22,4473.04,4477.92,9160
2025-09-15 11:15:00-04:00,4477.92,4487.22,4473.31,4484.67,6142
2025-09-15 11:30:00-04:00,4484.67,4492.11,4476.91,4479.26,6364
2025-09-15 11:45:00-04:00,4479.26,4490.03,4477.99,4489.15,6086
2025-09-15 12:00:00-04:00,4489.15,4491.39,4484.19,4484.22,5437
2025-09-15 12:15:00-04:00,4484.22,4484.4,4472.82,4477.82,5545
2025-09-15 12:30:00-04:00,4477.82,4483.1,4473.09,4481.48,5652
2025-09-15 12:45:00-04:00,4481.48,4483.27,4472.06,4480.81,5914
2025-09-15 13:00:00-04:00,4480.81,4485.1,4474.65,4480.34,8058
2025-09-15 13:15:00-04:00,4480.34,4481.28,4468.09,4472.4,8948
2025-09-15 13:30:00-04:00,4472.4,4472.4,4456.8,4463.35,9411
2025-09-15 13:45:00-04:00,4463.35,4468.03,4457.79,4464.76,10570
2025-09-15 14:00:00-04:00,4464.76,4470.02,4460.81,4462.37,8263
2025-09-15 14:15:00-04:00,4462.37,4474.12,4459.69,4468.76,9970
2025-09-15 14:30:00-04:00,4468.76,4476.75,4453.61,4456.67,17189
2025-09-15 14:45:00-04:00,4456.67,4465.58,4455.17,4461.49,8674
2025-09-15 15:00:00-04:00,4461.49,4462.66,4445.49,4451.71,10354
2025-09-15 15:15:00-04:00,4451.71,4455.9,4432.28,4443.22,10241
2025-09-15 15:30:00-04:00,4443.22,4457.54,4437.24,4455.92,10071
2025-09-15 15:45:00-04:00,4455.92,4463.28,4448.06,4455.41,17585
2025-09-15 16:00:00-04:00,4455.41,4461.06,4440.24,4446.98,13591
2025-09-16 09:30:00-04:00,4441.61,4451.08,4426.41,4428.9,16969
2025-09-16 09:45:00-04:00,4428.9,4457.49,4428.9,4443.59,32859
2025-09-16 10:00:00-04:00,4443.59,4464.28,4441.48,4459.5,12172
2025-09-16 10:15:00-04:00,4459.5,4462.34,4447.08,4458.12,8633
2025-09-16 10:30:00-04:00,4458.12,4462.73,4449.99,4455.89,8805
2025-09-16 10:45:00-04:00,4455.89,4466.0,4450.06,4462.98,8813
2025-09-16 11:00:00-04:00,4462.98,4468.01,4441.89,4443.87,8922
2025-09-16 11:15:00-04:00,4443.87,4449.81,4439.39,4445.44,6122
2025-09-16 11:30:00-04:00,4445.44,4458.05,4443.8,4455.78,5571
2025-09-16 11:45:00-04:00,4455.78,4460.07,4448.66,4454.87,5882
2025-09-16 12:00:00-04:00,4454.87,4459.42,4449.71,4452.63,4770
2025-09-16 12:15:00-04:00,4452.63,4455.97,4449.63,4450.02,4902
2025-09-16 12:30:00-04:00,4450.02,4455.69,4446.96,4451.53,5694
2025-09-16 12:45:00-04:00,4451.53,4452.86,4436.41,4438.43,6848
2025-09-16 13:00:00-04:00,4438.43,4442.86,4431.7,4433.43,5820
2025-09-16 13:15:00-04:00,4433.43,4443.45,4428.57,4437.67,8290
2025-09-16 13:30:00-04:00,4437.67,4444.19,4433.13,4434.65,10206
2025-09-16 13:45:00-04:00,4434.65,4452.26,4434.18,4447.53,8867
2025-09-16 14:00:00-04:00,4447.53,4466.91,4445.64,4462.31,13000
2025-09-16 14:15:00-04:00,4462.31,4464.05,4453.25,4458.2,8593
2025-09-16 14:30:00-04:00,4458.2,4464.34,4453.95,4463.49,9781
2025-09-16 14:45:00-04:00,4463.49,4468.51,4457.76,4464.56,9374
2025-09-16 15:00:00-04:00,4464.56,4471.2,4461.28,4466.02,10858
2025-09-16 15:15:00-04:00,4466.02,4472.2,4452.8,4456.16,8746
2025-09-16 15:30:00-04:00,4456.16,4476.38,4451.82,4471.62,8782
2025-09-16 15:45:00-04:00,4471.62,4473.65,4458.99,4465.47,17971
2025-09-16 16:00:00-04:00,4465.47,4471.21,4459.4,4466.33,16916
2025-09-16 16:15:00-04:00,4466.33,4470.79,4460.4,4465.56,1746
2025-09-17 09:30:00-04:00,4476.07,4490.14,4452.55,4454.94,16960
2025-09-17 09:45:00-04:00,4454.94,4460.46,4437.46,4445.84,16727
2025-09-17 10:00:00-04:00,4445.84,4467.56,4440.53,4463.37,12894
2025-09-17 10:15:00-04:00,4463.37,4483.25,4463.37,4474.08,9109
2025-09-17 10:30:00-04:00,4474.08,4492.87,4473.7,4476.51,11747
2025-09-17 10:45:00-04:00,4476.51,4477.97,4456.18,4459.57,11692
2025-09-17 11:00:00-04:00,4459.57,4463.27,4454.2,4457.1,6701
2025-09-17 11:15:00-04:00,4457.1,4461.64,4447.64,4449.8,5231
2025-09-17 11:30:00-04:00,4449.8,4455.64,4445.58,4453.44,5752
2025-09-17 11:45:00-04:00,4453.44,4460.14,4451.51,4453.43,5904
2025-09-17 12:00:00-04:00,4453.43,4454.8,4447.83,4451.04,5876
2025-09-17 12:15:00-04:00,4451.04,4459.41,4446.46,4458.76,5415
2025-09-17 12:30:00-04:00,4458.76,4460.23,4430.26,4433.39,7552
2025-09-17 12:45:00-04:00,4433.39,4435.32,4423.48,4433.3,6500
2025-09-17 13:00:00-04:00,4433.3,4450.74,4432.24,4445.76,8301
2025-09-17 13:15:00-04:00,4445.76,4457.92,4438.91,4457.9,10478
2025-09-17 13:30:00-04:00,4457.9,4476.43,4456.56,4473.43,10970
2025-09-17 13:45:00-04:00,4473.43,4482.27,4471.75,4477.53,9874
2025-09-17 14:00:00-04:00,4477.53,4481.37,4455.14,4463.68,14410
2025-09-17 14:15:00-04:00,4463.68,4472.77,4460.75,4470.24,9808
2025-09-17 14:30:00-04:00,4470.24,4488.61,4468.09,4481.94,10757
2025-09-17 14:45:00-04:00,4481.94,4496.84,4473.77,4494.71,12588
2025-09-17 15:00:00-04:00,4494.71,4498.58,4490.78,4494.49,8777
2025-09-17 15:15:00-04:00,4494.49,4502.18,4488.23,4499.95,10098
2025-09-17 15:30:00-04:00,4499.95,4512.24,4492.54,4507.62,10889
2025-09-17 15:45:00-04:00,4507.62,4520.78,4496.26,4517.34,14214
2025-09-17 16:00:00-04:00,4517.34,4526.22,4496.09,4512.59,35964
2025-09-17 16:15:00-04:00,4512.59,4527.75,4509.84,4522.36,19679
2025-09-18 09:30:00-04:00,4518.02,4537.8,4518.02,4524.35,16602
2025-09-18 09:45:00-04:00,4524.35,4532.91,4506.54,4526.33,16550
2025-09-18 10:00:00-04:00,4526.33,4526.44,4509.08,4518.63,11105
2025-09-18 10:15:00-04:00,4518.63,4540.77,4516.18,4532.83,11067
2025-09-18 10:30:00-04:00,4532.83,4559.08,4530.42,4547.51,17318
2025-09-18 10:45:00-04:00,4547.51,4554.57,4536.0,4539.57,8553
2025-09-18 11:00:00-04:00,4539.57,4542.5,4526.48,4530.08,7290
2025-09-18 11:15:00-04:00,4530.08,4551.31,4523.91,4548.0,10903
2025-09-18 11:30:00-04:00,4548.0,4553.88,4540.67,4550.81,4347
2025-09-18 11:45:00-04:00,4550.81,4554.46,4546.89,4547.7,5013
2025-09-18 12:00:00-04:00,4547.7,4550.42,4544.0,4547.19,6742
2025-09-18 12:15:00-04:00,4547.19,4547.82,4536.62,4542.23,5655
2025-09-18 12:30:00-04:00,4542.23,4545.29,4536.99,4537.76,6794
2025-09-18 12:45:00-04:00,4537.76,4561.09,4533.38,4559.17,10287
2025-09-18 13:00:00-04:00,4559.17,4563.29,4532.92,4535.49,16184
2025-09-18 13:15:00-04:00,4535.49,4538.7,4528.88,4532.19,6924
2025-09-18 13:30:00-04:00,4532.19,4541.25,4529.33,4535.89,10101
2025-09-18 13:45:00-04:00,4535.89,4540.36,4528.93,4536.82,8553
2025-09-18 14:00:00-04:00,4536.82,4562.89,4532.99,4560.39,15501
2025-09-18 14:15:00-04:00,4560.39,4565.76,4549.41,4549.86,8707
2025-09-18 14:30:00-04:00,4549.86,4550.72,4520.39,4524.12,14685
2025-09-18 14:45:00-04:00,4524.12,4524.12,4509.85,4516.27,10129
2025-09-18 15:00:00-04:00,4516.27,4525.26,4513.71,4516.51,10207
2025-09-18 15:15:00-04:00,4516.51,4517.8,4505.06,4514.92,8290
2025-09-18 15:30:00-04:00,4514.92,4520.51,4502.37,4509.1,8459
2025-09-18 15:45:00-04:00,4509.1,4545.22,4506.98,4540.5,15564
2025-09-18 16:00:00-04:00,4540.5,4547.38,4527.06,4539.33,12221
2025-09-18 16:15:00-04:00,4539.33,4565.98,4533.16,4563.95,17183
2025-09-18 16:30:00-04:00,4563.95,4578.91,4561.23,4571.84,11022
2025-09-19 09:30:00-04:00,4580.73,4582.61,4560.93,4569.27,17847
2025-09-19 09:45:00-04:00,4569.27,4573.71,4528.46,4541.14,17392
2025-09-19 10:00:00-04:00,4541.14,4546.1,4532.2,4532.8,9832
2025-09-19 10:15:00-04:00,4532.8,4537.06,4524.63,4533.96,8539
2025-09-19 10:30:00-04:00,4533.96,4539.79,4519.49,4526.88,10242
2025-09-19 10:45:00-04:00,4526.88,4529.0,4512.32,4523.85,9573
2025-09-19 11:00:00-04:00,4523.85,4530.89,4519.76,4523.19,5789
2025-09-19 11:15:00-04:00,4523.19,4553.64,4518.94,4549.7,9443
2025-09-19 11:30:00-04:00,4549.7,4561.71,4542.18,4558.62,7787
2025-09-19 11:45:00-04:00,4558.62,4581.04,4556.36,4561.13,8497
2025-09-19 12:00:00-04:00,4561.13,4586.34,4558.27,4584.31,6798
2025-09-19 12:15:00-04:00,4584.31,4608.09,4581.65,4605.43,7820
2025-09-19 12:30:00-04:00,4605.43,4608.79,4598.17,4600.55,6023
2025-09-19 12:45:00-04:00,4600.55,4606.32,4598.16,4603.19,4644
2025-09-19 13:00:00-04:00,4603.19,4608.63,4601.27,4605.97,5021
2025-09-19 13:15:00-04:00,4605.97,4641.73,4605.97,4639.26,11612
2025-09-19 13:30:00-04:00,4639.26,4645.41,4622.57,4624.04,13424
2025-09-19 13:45:00-04:00,4624.04,4628.98,4612.16,4620.78,8676
2025-09-19 14:00:00-04:00,4620.78,4624.23,4611.92,4617.56,9099
2025-09-19 14:15:00-04:00,4617.56,4617.78,4599.98,4608.4,9233
2025-09-19 14:30:00-04:00,4608.4,4611.43,4590.36,4597.01,10675
2025-09-19 14:45:00-04:00,4597.01,4601.23,4589.14,4590.88,8034
2025-09-19 15:00:00-04:00,4590.88,4596.14,4585.15,4590.9,10413
2025-09-19 15:15:00-04:00,4590.9,4590.9,4574.04,4579.17,8661
2025-09-19 15:30:00-04:00,4579.17,4579.17,4553.33,4570.18,17763
2025-09-19 15:45:00-04:00,4570.18,4577.02,4566.04,4572.11,9455
2025-09-19 16:00:00-04:00,4572.11,4581.36,4559.55,4561.99,20996
2025-09-19 16:15:00-04:00,4561.99,4563.03,4544.09,4548.55,30232
2025-09-19 16:30:00-04:00,4548.55,4572.63,4541.64,4571.07,26798
2025-09-22 09:30:00-04:00,4574.33,4581.46,4563.33,4576.79,16432
2025-09-22 09:45:00-04:00,4576.79,4581.96,4564.01,4577.89,19326
2025-09-22 10:00:00-04:00,4577.89,4591.23,4572.65,4577.31,11331
2025-09-22 10:15:00-04:00,4577.31,4616.72,4571.26,4615.05,18448
2025-09-22 10:30:00-04:00,4615.05,4624.86,4612.64,4618.0,9134
2025-09-22 10:45:00-04:00,4618.0,4618.85,4606.51,4616.57,9374
2025-09-22 11:00:00-04:00,4616.57,4622.28,4600.18,4603.82,11602
2025-09-22 11:15:00-04:00,4603.82,4615.38,4600.72,4614.02,6498
2025-09-22 11:30:00-04:00,4614.02,4626.84,4613.19,4623.51,6069
2025-09-22 11:45:00-04:00,4623.51,4630.05,4620.5,4628.67,6211
2025-09-22 12:00:00-04:00,4628.67,4637.33,4624.04,4628.54,6876
2025-09-22 12:15:00-04:00,4628.54,4630.19,4622.92,4628.48,5841
2025-09-22 12:30:00-04:00,4628.48,4644.8,4623.4,4642.77,9940
2025-09-22 12:45:00-04:00,4642.77,4655.82,4641.06,4648.16,4868
2025-09-22 13:00:00-04:00,4648.16,4657.13,4646.43,4654.34,5896
2025-09-22 13:15:00-04:00,4654.34,4660.66,4651.63,4652.93,6900
2025-09-22 13:30:00-04:00,4652.93,4668.26,4648.59,4665.7,12669
2025-09-22 13:45:00-04:00,4665.7,4686.43,4663.37,4682.07,12049
2025-09-22 14:00:00-04:00,4682.07,4685.49,4674.89,4678.96,9556
2025-09-22 14:15:00-04:00,4678.96,4686.9,4674.75,4682.5,10473
2025-09-22 14:30:00-04:00,4682.5,4694.67,4679.93,4683.01,9909
2025-09-22 14:45:00-04:00,4683.01,4695.54,4678.62,4693.86,9009
2025-09-22 15:00:00-04:00,4693.86,4698.51,4686.75,4689.43,9793
2025-09-22 15:15:00-04:00,4689.43,4695.34,4678.8,4683.02,8712
2025-09-22 15:30:00-04:00,4683.02,4703.0,4680.18,4691.64,10465
2025-09-22 15:45:00-04:00,4691.64,4702.79,4683.43,4689.26,11142
2025-09-22 16:00:00-04:00,4689.26,4705.99,4687.93,4698.52,19181
2025-09-22 16:15:00-04:00,4698.52,4708.64,4690.55,4696.2,11211
2025-09-23 09:30:00-04:00,4688.41,4688.41,4638.59,4645.86,20199
2025-09-23 09:45:00-04:00,4645.86,4649.82,4622.77,4629.13,20662
2025-09-23 10:00:00-04:00,4629.13,4638.4,4622.98,4629.31,7742
2025-09-23 10:15:00-04:00,4629.31,4639.59,4625.05,4628.41,8402
2025-09-23 10:30:00-04:00,4628.41,4632.96,4606.62,4616.04,8452
2025-09-23 10:45:00-04:00,4616.04,4616.92,4598.17,4606.67,10229
2025-09-23 11:00:00-04:00,4606.67,4608.99,4572.36,4578.88,13024
2025-09-23 11:15:00-04:00,4578.88,4583.03,4566.35,4570.02,7967
2025-09-23 11:30:00-04:00,4570.02,4575.6,4568.14,4573.37,5389
2025-09-23 11:45:00-04:00,4573.37,4577.92,4569.29,4575.57,5220
2025-09-23 12:00:00-04:00,4575.57,4578.09,4566.24,4568.07,5288
2025-09-23 12:15:00-04:00,4568.07,4577.53,4567.86,4570.71,5109
2025-09-23 12:30:00-04:00,4570.71,4572.19,4557.5,4560.24,5542
2025-09-23 12:45:00-04:00,4560.24,4574.49,4559.82,4571.47,5940
2025-09-23 13:00:00-04:00,4571.47,4587.01,4564.1,4585.25,7501
2025-09-23 13:15:00-04:00,4585.25,4596.46,4583.68,4588.2,10288
2025-09-23 13:30:00-04:00,4588.2,4594.63,4580.51,4583.38,9270
2025-09-23 13:45:00-04:00,4583.38,4591.61,4562.09,4568.56,11850
2025-09-23 14:00:00-04:00,4568.56,4570.31,4559.99,4565.5,9196
2025-09-23 14:15:00-04:00,4565.5,4573.03,4560.03,4570.72,10916
2025-09-23 14:30:00-04:00,4570.72,4578.9,4542.83,4544.97,14404
2025-09-23 14:45:00-04:00,4544.97,4548.39,4534.81,4537.18,9314
2025-09-23 15:00:00-04:00,4537.18,4542.95,4521.74,4525.03,10162
2025-09-23 15:15:00-04:00,4525.03,4546.15,4523.65,4537.01,8313
2025-09-23 15:30:00-04:00,4537.01,4540.89,4523.42,4530.56,8805
2025-09-23 15:45:00-04:00,4530.56,4542.05,4518.98,4527.08,14300
2025-09-23 16:00:00-04:00,4527.08,4530.81,4500.2,4505.44,18834
2025-09-23 16:15:00-04:00,4505.44,4508.07,4499.41,4503.63,6923
2025-09-24 09:30:00-04:00,4496.81,4503.67,4484.31,4492.41,16596
2025-09-24 09:45:00-04:00,4492.41,4519.63,4490.59,4516.14,23639
2025-09-24 10:00:00-04:00,4516.14,4520.77,4496.8,4515.97,11749
2025-09-24 10:15:00-04:00,4515.97,4515.97,4497.87,4501.38,8553
2025-09-24 10:30:00-04:00,4501.38,4507.64,4493.4,4499.77,7891
2025-09-24 10:45:00-04:00,4499.77,4527.78,4492.9,4527.63,12173
2025-09-24 11:00:00-04:00,4527.63,4532.92,4521.98,4527.98,7576
2025-09-24 11:15:00-04:00,4527.98,4527.98,4514.89,4515.78,6224
2025-09-24 11:30:00-04:00,4515.78,4517.76,4507.09,4509.83,5992
2025-09-24 11:45:00-04:00,4509.83,4537.22,4509.83,4534.27,11691
2025-09-24 12:00:00-04:00,4534.27,4537.44,4528.24,4529.04,6251
2025-09-24 12:15:00-04:00,4529.04,4532.84,4522.26,4526.63,5265
2025-09-24 12:30:00-04:00,4526.63,4535.28,4524.18,4533.43,5690
2025-09-24 12:45:00-04:00,4533.43,4533.43,4523.39,4529.43,5682
2025-09-24 13:00:00-04:00,4529.43,4533.15,4524.71,4526.6,5353
2025-09-24 13:15:00-04:00,4526.6,4544.78,4522.05,4541.8,10901
2025-09-24 13:30:00-04:00,4541.8,4554.9,4539.97,4550.23,10038
2025-09-24 13:45:00-04:00,4550.23,4550.23,4539.48,4545.61,9817
2025-09-24 14:00:00-04:00,4545.61,4564.04,4544.08,4561.18,11117
2025-09-24 14:15:00-04:00,4561.18,4566.81,4538.72,4540.94,12722
2025-09-24 14:30:00-04:00,4540.94,4555.7,4538.96,4552.76,8903
2025-09-24 14:45:00-04:00,4552.76,4555.38,4539.43,4554.07,15995
2025-09-24 15:00:00-04:00,4554.07,4572.49,4548.63,4569.25,12645
2025-09-24 15:15:00-04:00,4569.25,4574.45,4561.11,4568.45,10771
2025-09-24 15:30:00-04:00,4568.45,4570.31,4552.8,4557.07,9460
2025-09-24 15:45:00-04:00,4557.07,4568.46,4551.25,4565.75,10480
2025-09-24 16:00:00-04:00,4565.75,4587.91,4556.46,4580.27,23384
2025-09-24 16:15:00-04:00,4580.27,4583.91,4563.46,4565.96,15823
2025-09-24 16:30:00-04:00,4565.96,4568.2,4551.32,4563.59,14306
2025-09-25 09:30:00-04:00,4569.58,4585.01,4567.13,4571.99,17377
2025-09-25 09:45:00-04:00,4571.99,4595.36,4570.89,4584.63,28180
2025-09-25 10:00:00-04:00,4584.63,4593.48,4577.21,4581.11,10238
2025-09-25 10:15:00-04:00,4581.11,4587.57,4551.82,4559.99,14144
2025-09-25 10:30:00-04:00,4559.99,4565.62,4543.86,4547.81,12635
2025-09-25 10:45:00-04:00,4547.81,4554.0,4536.62,4539.1,8288
2025-09-25 11:00:00-04:00,4539.1,4549.91,4531.02,4543.95,9797
2025-09-25 11:15:00-04:00,4543.95,4548.15,4539.04,4546.2,4745
2025-09-25 11:30:00-04:00,4546.2,4549.97,4541.42,4545.87,5045
2025-09-25 11:45:00-04:00,4545.87,4551.72,4543.43,4546.86,4844
2025-09-25 12:00:00-04:00,4546.86,4551.68,4543.96,4549.02,5268
2025-09-25 12:15:00-04:00,4549.02,4552.59,4533.83,4537.25,6199
2025-09-25 12:30:00-04:00,4537.25,4549.39,4536.25,4543.93,5092
2025-09-25 12:45:00-04:00,4543.93,4547.9,4540.21,4546.25,4576
2025-09-25 13:00:00-04:00,4546.25,4548.15,4542.24,4545.98,4321
2025-09-25 13:15:00-04:00,4545.98,4547.13,4534.74,4541.45,8748
2025-09-25 13:30:00-04:00,4541.45,4547.5,4537.52,4542.8,8901
2025-09-25 13:45:00-04:00,4542.8,4558.18,4541.31,4553.89,9972
2025-09-25 14:00:00-04:00,4553.89,4564.62,4550.79,4556.77,8331
2025-09-25 14:15:00-04:00,4556.77,4564.81,4548.35,4562.14,10336
2025-09-25 14:30:00-04:00,4562.14,4568.83,4545.89,4551.99,11671
2025-09-25 14:45:00-04:00,4551.99,4567.7,4550.65,4564.39,9687
2025-09-25 15:00:00-04:00,4564.39,4568.19,4556.04,4556.38,8467
2025-09-25 15:15:00-04:00,4556.38,4564.06,4549.75,4558.59,9287
2025-09-25 15:30:00-04:00,4558.59,4573.46,4548.81,4567.43,8479
2025-09-25 15:45:00-04:00,4567.43,4567.43,4550.57,4557.51,13325
2025-09-25 16:00:00-04:00,4557.51,4562.33,4547.24,4551.87,15729
2025-09-25 16:15:00-04:00,4551.87,4556.03,4548.3,4552.31,6373
2025-09-26 09:30:00-04:00,4545.63,4579.58,4538.74,4573.66,19604
2025-09-26 09:45:00-04:00,4573.66,4584.77,4556.73,4578.43,25045
2025-09-26 10:00:00-04:00,4578.43,4581.82,4569.62,4572.65,12389
2025-09-26 10:15:00-04:00,4572.65,4585.34,4567.5,4573.85,11378
2025-09-26 10:30:00-04:00,4573.85,4582.31,4571.36,4575.6,9354
2025-09-26 10:45:00-04:00,4575.6,4589.04,4571.04,4581.73,10063
2025-09-26 11:00:00-04:00,4581.73,4588.22,4570.57,4575.59,7554
2025-09-26 11:15:00-04:00,4575.59,4577.11,4568.07,4572.65,5625
2025-09-26 11:30:00-04:00,4572.65,4581.62,4568.06,4580.67,5495
2025-09-26 11:45:00-04:00,4580.67,4613.8,4579.93,4611.94,9878
2025-09-26 12:00:00-04:00,4611.94,4614.94,4606.52,4612.59,5262
2025-09-26 12:15:00-04:00,4612.59,4616.82,4604.24,4606.74,6114
2025-09-26 12:30:00-04:00,4606.74,4610.48,4586.04,4591.15,7644
2025-09-26 12:45:00-04:00,4591.15,4593.99,4571.38,4577.56,6010
2025-09-26 13:00:00-04:00,4577.56,4584.47,4574.74,4580.95,5836
2025-09-26 13:15:00-04:00,4580.95,4589.25,4577.31,4587.48,8067
2025-09-26 13:30:00-04:00,4587.48,4593.42,4574.57,4578.15,9450
2025-09-26 13:45:00-04:00,4578.15,4587.33,4575.01,4581.25,10163
2025-09-26 14:00:00-04:00,4581.25,4581.25,4548.29,4550.89,16872
2025-09-26 14:15:00-04:00,4550.89,4555.57,4543.25,4550.21,9699
2025-09-26 14:30:00-04:00,4550.21,4555.83,4541.85,4542.92,8574
2025-09-26 14:45:00-04:00,4542.92,4553.84,4541.12,4543.47,10469
2025-09-26 15:00:00-04:00,4543.47,4562.57,4537.52,4557.15,15907
2025-09-26 15:15:00-04:00,4557.15,4562.45,4547.64,4561.77,9168
2025-09-26 15:30:00-04:00,4561.77,4570.64,4540.78,4545.59,10079
2025-09-26 15:45:00-04:00,4545.59,4562.14,4538.05,4557.89,8515
2025-09-26 16:00:00-04:00,4557.89,4566.43,4546.69,4556.51,17172
2025-09-26 16:15:00-04:00,4556.51,4563.16,4544.47,4554.53,16436
2025-09-29 09:30:00-04:00,4564.67,4578.59,4553.59,4554.92,18145
2025-09-29 09:45:00-04:00,4554.92,4566.64,4534.54,4543.4,16902
2025-09-29 10:00:00-04:00,4543.4,4550.91,4537.62,4546.52,8837
2025-09-29 10:15:00-04:00,4546.52,4548.33,4531.12,4539.51,9274
2025-09-29 10:30:00-04:00,4539.51,4543.16,4531.77,4536.52,8137
2025-09-29 10:45:00-04:00,4536.52,4546.93,4532.73,4535.86,10534
2025-09-29 11:00:00-04:00,4535.86,4547.36,4532.76,4545.28,5083
2025-09-29 11:15:00-04:00,4545.28,4545.98,4520.12,4525.6,7125
2025-09-29 11:30:00-04:00,4525.6,4528.78,4518.54,4523.54,5110
2025-09-29 11:45:00-04:00,4523.54,4526.83,4517.2,4520.14,4845
2025-09-29 12:00:00-04:00,4520.14,4528.27,4516.69,4519.38,5654
2025-09-29 12:15:00-04:00,4519.38,4521.25,4513.75,4517.72,6369
2025-09-29 12:30:00-04:00,4517.72,4520.85,4510.83,4514.97,5136
2025-09-29 12:45:00-04:00,4514.97,4520.17,4510.5,4511.47,4784
2025-09-29 13:00:00-04:00,4511.47,4518.21,4500.29,4504.89,10820
2025-09-29 13:15:00-04:00,4504.89,4511.48,4499.71,4503.59,8760
2025-09-29 13:30:00-04:00,4503.59,4509.99,4499.92,4503.52,7672
2025-09-29 13:45:00-04:00,4503.52,4503.55,4490.24,4496.87,9239
2025-09-29 14:00:00-04:00,4496.87,4508.94,4496.21,4505.67,9934
2025-09-29 14:15:00-04:00,4505.67,4511.41,4479.22,4481.55,13377
2025-09-29 14:30:00-04:00,4481.55,4485.73,4478.17,4484.48,8752
2025-09-29 14:45:00-04:00,4484.48,4486.03,4447.39,4450.37,20900
2025-09-29 15:00:00-04:00,4450.37,4453.05,4435.83,4437.9,8788
2025-09-29 15:15:00-04:00,4437.9,4441.53,4418.43,4421.81,9605
2025-09-29 15:30:00-04:00,4421.81,4431.31,4412.66,4428.46,9092
2025-09-29 15:45:00-04:00,4428.46,4442.58,4422.17,4437.15,12812
2025-09-29 16:00:00-04:00,4437.15,4445.56,4428.45,4433.01,20753
2025-09-29 16:15:00-04:00,4433.01,4433.01,4423.25,4425.92,4428
2025-09-30 09:30:00-04:00,4415.86,4436.71,4402.77,4433.01,20171
2025-09-30 09:45:00-04:00,4433.01,4446.28,4426.47,4436.98,15327
2025-09-30 10:00:00-04:00,4436.98,4447.31,4430.79,4445.82,8970
2025-09-30 10:15:00-04:00,4445.82,4458.46,4443.42,4455.38,10864
2025-09-30 10:30:00-04:00,4455.38,4459.01,4449.11,4455.59,8362
2025-09-30 10:45:00-04:00,4455.59,4482.07,4452.83,4479.47,14288
2025-09-30 11:00:00-04:00,4479.47,4486.86,4477.98,4485.87,6233
2025-09-30 11:15:00-04:00,4485.87,4493.06,4474.57,4478.66,10504
2025-09-30 11:30:00-04:00,4478.66,4495.07,4474.29,4492.9,7201
2025-09-30 11:45:00-04:00,4492.9,4511.43,4491.56,4507.07,7139
2025-09-30 12:00:00-04:00,4507.07,4516.96,4501.85,4514.91,4873
2025-09-30 12:15:00-04:00,4514.91,4515.39,4503.28,4509.51,5974
2025-09-30 12:30:00-04:00,4509.51,4517.15,4508.03,4514.34,5321
2025-09-30 12:45:00-04:00,4514.34,4520.68,4510.86,4512.89,5324
2025-09-30 13:00:00-04:00,4512.89,4515.58,4508.96,4512.64,4501
2025-09-30 13:15:00-04:00,4512.64,4517.64,4508.75,4514.84,8735
2025-09-30 13:30:00-04:00,4514.84,4517.74,4479.32,4481.39,17974
2025-09-30 13:45:00-04:00,4481.39,4492.98,4459.43,4461.72,12149
2025-09-30 14:00:00-04:00,4461.72,4461.81,4451.21,4455.05,10821
2025-09-30 14:15:00-04:00,4455.05,4466.17,4451.59,4458.15,9594
2025-09-30 14:30:00-04:00,4458.15,4483.16,4458.15,4479.09,14886
2025-09-30 14:45:00-04:00,4479.09,4489.31,4472.9,4485.56,11214
2025-09-30 15:00:00-04:00,4485.56,4498.91,4482.65,4492.95,19620
2025-09-30 15:15:00-04:00,4492.95,4500.25,4482.18,4484.98,9430
2025-09-30 15:30:00-04:00,4484.98,4492.03,4480.52,4485.05,10078
2025-09-30 15:45:00-04:00,4485.05,4499.21,4468.74,4472.28,11994
2025-09-30 16:00:00-04:00,4472.28,4476.84,4459.55,4460.8,10050
2025-09-30 16:15:00-04:00,4460.8,4482.43,4454.92,4474.16,18139
2025-09-30 16:30:00-04:00,4474.16,4477.09,4456.27,4467.07,14857
2025-10-01 09:30:00-04:00,4477.68,4498.33,4469.61,4491.16,19917
2025-10-01 09:45:00-04:00,4491.16,4495.51,4473.2,4492.72,21769
2025-10-01 10:00:00-04:00,4492.72,4520.85,4489.87,4506.28,15066
2025-10-01 10:15:00-04:00,4506.28,4519.01,4506.28,4511.84,8533
2025-10-01 10:30:00-04:00,4511.84,4531.68,4507.75,4531.31,10355
2025-10-01 10:45:00-04:00,4531.31,4536.82,4519.58,4526.59,8656
2025-10-01 11:00:00-04:00,4526.59,4530.91,4517.53,4521.89,6498
2025-10-01 11:15:00-04:00,4521.89,4549.0,4516.11,4547.31,10456
2025-10-01 11:30:00-04:00,4547.31,4563.05,4546.07,4560.75,6417
2025-10-01 11:45:00-04:00,4560.75,4568.9,4559.73,4565.81,5553
2025-10-01 12:00:00-04:00,4565.81,4572.25,4565.18,4567.89,5694
2025-10-01 12:15:00-04:00,4567.89,4598.68,4564.71,4596.74,8660
2025-10-01 12:30:00-04:00,4596.74,4614.68,4594.28,4607.07,9239
2025-10-01 12:45:00-04:00,4607.07,4612.16,4597.95,4599.66,4851
2025-10-01 13:00:00-04:00,4599.66,4611.39,4596.57,4608.7,9066
2025-10-01 13:15:00-04:00,4608.7,4615.77,4605.6,4613.49,5699
2025-10-01 13:30:00-04:00,4613.49,4619.28,4604.67,4612.7,9379
2025-10-01 13:45:00-04:00,4612.7,4620.23,4606.32,4613.41,9059
2025-10-01 14:00:00-04:00,4613.41,4620.03,4609.85,4615.78,9463
2025-10-01 14:15:00-04:00,4615.78,4617.62,4583.98,4595.39,16980
2025-10-01 14:30:00-04:00,4595.39,4601.76,4589.59,4598.48,9453
2025-10-01 14:45:00-04:00,4598.48,4600.79,4588.56,4599.66,9303
2025-10-01 15:00:00-04:00,4599.66,4603.97,4593.09,4598.53,9054
2025-10-01 15:15:00-04:00,4598.53,4604.6,4594.18,4594.96,9256
2025-10-01 15:30:00-04:00,4594.96,4596.04,4578.56,4590.57,9154
2025-10-01 15:45:00-04:00,4590.57,4591.92,4552.95,4561.63,12775
2025-10-01 16:00:00-04:00,4561.63,4569.78,4550.34,4562.38,12746
2025-10-01 16:15:00-04:00,4562.38,4562.38,4547.94,4550.48,16339
2025-10-01 16:30:00-04:00,4550.48,4584.28,4544.09,4579.54,32689
2025-10-01 16:45:00-04:00,4579.54,4579.54,4576.35,4577.94,1026
2025-10-02 09:30:00-04:00,4569.85,4594.94,4565.62,4577.34,18257
2025-10-02 09:45:00-04:00,4577.34,4585.73,4544.18,4550.3,22955
2025-10-02 10:00:00-04:00,4550.3,4557.68,4540.78,4555.45,9775
2025-10-02 10:15:00-04:00,4555.45,4558.55,4544.62,4548.87,8791
2025-10-02 10:30:00-04:00,4548.87,4552.57,4531.68,4533.54,15261
2025-10-02 10:45:00-04:00,4533.54,4535.84,4525.68,4531.95,10684
2025-10-02 11:00:00-04:00,4531.95,4533.59,4520.27,4522.19,7238
2025-10-02 11:15:00-04:00,4522.19,4536.98,4522.19,4533.87,6233
2025-10-02 11:30:00-04:00,4533.87,4534.32,4506.84,4510.7,6439
2025-10-02 11:45:00-04:00,4510.7,4515.89,4503.96,4506.18,5924
2025-10-02 12:00:00-04:00,4506.18,4516.01,4504.62,4514.59,5754
2025-10-02 12:15:00-04:00,4514.59,4523.32,4513.38,4521.11,5565
2025-10-02 12:30:00-04:00,4521.11,4525.45,4517.21,4522.51,5359
2025-10-02 12:45:00-04:00,4522.51,4527.37,4510.69,4513.5,8487
2025-10-02 13:00:00-04:00,4513.5,4516.53,4509.29,4512.65,5017
2025-10-02 13:15:00-04:00,4512.65,4515.12,4498.69,4507.18,8183
2025-10-02 13:30:00-04:00,4507.18,4516.17,4503.96,4508.71,9106
2025-10-02 13:45:00-04:00,4508.71,4535.84,4508.19,4529.55,12416
2025-10-02 14:00:00-04:00,4529.55,4538.24,4522.45,4526.94,9902
2025-10-02 14:15:00-04:00,4526.94,4530.52,4515.81,4518.37,9920
2025-10-02 14:30:00-04:00,4518.37,4527.31,4514.35,4516.8,8835
2025-10-02 14:45:00-04:00,4516.8,4520.43,4504.5,4509.05,8079
2025-10-02 15:00:00-04:00,4509.05,4519.85,4505.52,4515.86,9645
2025-10-02 15:15:00-04:00,4515.86,4521.79,4502.32,4517.29,9909
2025-10-02 15:30:00-04:00,4517.29,4517.29,4495.95,4505.67,9591
2025-10-02 15:45:00-04:00,4505.67,4512.94,4498.52,4505.03,12859
2025-10-02 16:00:00-04:00,4505.03,4517.82,4501.47,4506.89,18039
2025-10-02 16:15:00-04:00,4506.89,4512.21,4501.44,4505.52,4215
2025-10-03 09:30:00-04:00,4505.35,4523.46,4493.1,4517.92,17796
2025-10-03 09:45:00-04:00,4517.92,4528.91,4506.06,4513.39,17806
2025-10-03 10:00:00-04:00,4513.39,4536.83,4512.31,4534.24,17049
2025-10-03 10:15:00-04:00,4534.24,4537.3,4523.88,4529.88,7948
2025-10-03 10:30:00-04:00,4529.88,4553.34,4526.93,4546.69,13056
2025-10-03 10:45:00-04:00,4546.69,4557.51,4537.9,4551.7,15209
2025-10-03 11:00:00-04:00,4551.7,4553.4,4537.13,4541.21,8670
2025-10-03 11:15:00-04:00,4541.21,4544.51,4537.24,4539.48,6142
2025-10-03 11:30:00-04:00,4539.48,4549.67,4538.29,4545.56,5546
2025-10-03 11:45:00-04:00,4545.56,4549.05,4540.64,4543.02,4679
2025-10-03 12:00:00-04:00,4543.02,4570.38,4539.75,4569.27,9891
2025-10-03 12:15:00-04:00,4569.27,4570.12,4559.34,4564.56,5804
2025-10-03 12:30:00-04:00,4564.56,4585.4,4561.68,4581.85,6713
2025-10-03 12:45:00-04:00,4581.85,4587.33,4578.31,4584.16,5587
2025-10-03 13:00:00-04:00,4584.16,4610.49,4582.26,4607.71,6330
2025-10-03 13:15:00-04:00,4607.71,4611.55,4588.07,4591.47,9049
2025-10-03 13:30:00-04:00,4591.47,4619.17,4588.34,4617.97,14969
2025-10-03 13:45:00-04:00,4617.97,4621.13,4596.68,4603.05,11153
2025-10-03 14:00:00-04:00,4603.05,4605.13,4594.89,4601.47,9184
2025-10-03 14:15:00-04:00,4601.47,4607.26,4580.08,4605.28,16320
2025-10-03 14:30:00-04:00,4605.28,4613.93,4595.66,4596.9,15943
2025-10-03 14:45:00-04:00,4596.9,4601.03,4588.16,4599.72,13300
2025-10-03 15:00:00-04:00,4599.72,4603.31,4581.52,4585.8,15351
2025-10-03 15:15:00-04:00,4585.8,4591.25,4568.65,4571.5,11045
2025-10-03 15:30:00-04:00,4571.5,4573.76,4561.57,4569.07,10294
2025-10-03 15:45:00-04:00,4569.07,4582.53,4565.23,4579.08,8332
2025-10-03 16:00:00-04:00,4579.08,4583.09,4558.83,4567.56,15014
2025-10-03 16:15:00-04:00,4567.56,4578.47,4560.43,4570.56,8431
2025-10-03 16:30:00-04:00,4570.56,4570.74,4550.2,4559.71,15748
2025-10-03 16:45:00-04:00,4559.71,4574.25,4555.45,4568.38,16406
2025-10-03 17:00:00-04:00,4568.38,4572.87,4567.04,4568.09,599
2025-10-06 09:30:00-04:00,4556.34,4556.69,4520.88,4531.31,18052
2025-10-06 09:45:00-04:00,4531.31,4547.08,4523.57,4539.83,16623
2025-10-06 10:00:00-04:00,4539.83,4554.67,4531.37,4552.0,14879
2025-10-06 10:15:00-04:00,4552.0,4555.59,4535.66,4536.18,9850
2025-10-06 10:30:00-04:00,4536.18,4543.75,4529.39,4539.27,8592
2025-10-06 10:45:00-04:00,4539.27,4539.58,4520.82,4533.74,9676
2025-10-06 11:00:00-04:00,4533.74,4539.41,4530.51,4534.62,6238
2025-10-06 11:15:00-04:00,4534.62,4534.89,4524.26,4525.2,5629
2025-10-06 11:30:00-04:00,4525.2,4526.11,4502.69,4505.38,7289
2025-10-06 11:45:00-04:00,4505.38,4526.61,4503.44,4510.79,9604
2025-10-06 12:00:00-04:00,4510.79,4513.49,4498.74,4502.13,6571
2025-10-06 12:15:00-04:00,4502.13,4504.11,4496.56,4498.73,5767
2025-10-06 12:30:00-04:00,4498.73,4504.13,4497.49,4498.44,4904
2025-10-06 12:45:00-04:00,4498.44,4499.22,4491.96,4495.62,5135
2025-10-06 13:00:00-04:00,4495.62,4497.36,4474.6,4481.97,7391
2025-10-06 13:15:00-04:00,4481.97,4487.5,4477.81,4484.39,7602
2025-10-06 13:30:00-04:00,4484.39,4488.65,4477.13,4480.34,9153
2025-10-06 13:45:00-04:00,4480.34,4483.78,4472.04,4472.14,9928
2025-10-06 14:00:00-04:00,4472.14,4476.95,4461.36,4465.14,10140
2025-10-06 14:15:00-04:00,4465.14,4469.02,4451.08,4467.21,14883
2025-10-06 14:30:00-04:00,4467.21,4471.25,4446.55,4449.81,12243
2025-10-06 14:45:00-04:00,4449.81,4457.29,4444.57,4453.8,9502
2025-10-06 15:00:00-04:00,4453.8,4454.11,4424.57,4433.23,27471
2025-10-06 15:15:00-04:00,4433.23,4446.22,4432.04,4443.1,11359
2025-10-06 15:30:00-04:00,4443.1,4455.08,4441.3,4454.06,9635
2025-10-06 15:45:00-04:00,4454.06,4458.5,4440.22,4448.57,9061
2025-10-06 16:00:00-04:00,4448.57,4463.2,4445.48,4451.78,12413
2025-10-06 16:15:00-04:00,4451.78,4466.43,4447.22,4463.69,19401
2025-10-06 16:30:00-04:00,4463.69,4471.11,4457.82,4467.47,10393
2025-10-07 09:30:00-04:00,4455.42,4470.13,4448.08,4462.47,20344
2025-10-07 09:45:00-04:00,4462.47,4478.09,4450.83,4476.4,22475
2025-10-07 10:00:00-04:00,4476.4,4497.83,4469.61,4492.73,11224
2025-10-07 10:15:00-04:00,4492.73,4503.32,4489.5,4500.2,9200
2025-10-07 10:30:00-04:00,4500.2,4505.9,4482.58,4486.73,10735
2025-10-07 10:45:00-04:00,4486.73,4504.09,4481.21,4501.08,13225
2025-10-07 11:00:00-04:00,4501.08,4506.7,4491.85,4500.37,8086
2025-10-07 11:15:00-04:00,4500.37,4527.01,4497.12,4525.51,7558
2025-10-07 11:30:00-04:00,4525.51,4535.24,4521.89,4533.68,6151
2025-10-07 11:45:00-04:00,4533.68,4555.56,4532.43,4553.23,7389
2025-10-07 12:00:00-04:00,4553.23,4560.54,4553.23,4558.09,4799
2025-10-07 12:15:00-04:00,4558.09,4560.31,4552.46,4553.77,5816
2025-10-07 12:30:00-04:00,4553.77,4563.18,4553.55,4558.3,5847
2025-10-07 12:45:00-04:00,4558.3,4559.97,4552.04,4555.34,4850
2025-10-07 13:00:00-04:00,4555.34,4576.84,4554.69,4573.83,5614
2025-10-07 13:15:00-04:00,4573.83,4586.74,4571.4,4584.07,8626
2025-10-07 13:30:00-04:00,4584.07,4587.28,4572.61,4577.55,9140
2025-10-07 13:45:00-04:00,4577.55,4584.83,4574.49,4578.14,9219
2025-10-07 14:00:00-04:00,4578.14,4607.05,4574.55,4603.02,15734
2025-10-07 14:15:00-04:00,4603.02,4609.28,4594.07,4597.16,11024
2025-10-07 14:30:00-04:00,4597.16,4604.28,4593.96,4600.09,9320
2025-10-07 14:45:00-04:00,4600.09,4600.09,4584.74,4586.43,10117
2025-10-07 15:00:00-04:00,4586.43,4589.14,4568.03,4580.48,12638
2025-10-07 15:15:00-04:00,4580.48,4592.0,4572.63,4586.95,8870
2025-10-07 15:30:00-04:00,4586.95,4606.06,4579.14,4599.46,9050
2025-10-07 15:45:00-04:00,4599.46,4600.14,4569.86,4574.18,31332
2025-10-07 16:00:00-04:00,4574.18,4584.09,4569.14,4573.47,17364
2025-10-07 16:15:00-04:00,4573.47,4576.11,4553.28,4566.79,14755
2025-10-08 09:30:00-04:00,4558.42,4576.53,4558.42,4566.07,17136
2025-10-08 09:45:00-04:00,4566.07,4583.69,4560.22,4575.13,20309
2025-10-08 10:00:00-04:00,4575.13,4587.45,4564.74,4567.84,13732
2025-10-08 10:15:00-04:00,4567.84,4592.32,4567.84,4587.68,14494
2025-10-08 10:30:00-04:00,4587.68,4592.53,4580.4,4588.26,8040
2025-10-08 10:45:00-04:00,4588.26,4597.06,4557.78,4581.53,28454
2025-10-08 11:00:00-04:00,4581.53,4608.45,4576.85,4603.52,14641
2025-10-08 11:15:00-04:00,4603.52,4603.52,4591.38,4592.8,6733
2025-10-08 11:30:00-04:00,4592.8,4607.26,4592.8,4605.68,5093
2025-10-08 11:45:00-04:00,4605.68,4611.81,4580.02,4582.32,7716
2025-10-08 12:00:00-04:00,4582.32,4590.55,4580.92,4585.08,5030
2025-10-08 12:15:00-04:00,4585.08,4600.33,4582.47,4598.44,6152
2025-10-08 12:30:00-04:00,4598.44,4603.57,4594.98,4597.81,5337
2025-10-08 12:45:00-04:00,4597.81,4602.33,4585.76,4591.41,11105
2025-10-08 13:00:00-04:00,4591.41,4599.84,4589.47,4597.66,5573
2025-10-08 13:15:00-04:00,4597.66,4636.73,4596.89,4634.69,9442
2025-10-08 13:30:00-04:00,4634.69,4638.92,4623.41,4625.85,11899
2025-10-08 13:45:00-04:00,4625.85,4628.69,4610.43,4617.19,11905
2025-10-08 14:00:00-04:00,4617.19,4628.54,4613.8,4625.79,9138
2025-10-08 14:15:00-04:00,4625.79,4652.94,4619.72,4650.02,15921
2025-10-08 14:30:00-04:00,4650.02,4675.84,4649.79,4670.28,12484
2025-10-08 14:45:00-04:00,4670.28,4676.4,4659.4,4675.49,11925
2025-10-08 15:00:00-04:00,4675.49,4678.73,4668.93,4671.03,8174
2025-10-08 15:15:00-04:00,4671.03,4676.6,4663.8,4673.5,9003
2025-10-08 15:30:00-04:00,4673.5,4682.36,4670.71,4679.37,11403
2025-10-08 15:45:00-04:00,4679.37,4704.96,4676.29,4703.95,14626
2025-10-08 16:00:00-04:00,4703.95,4703.95,4681.67,4685.47,9199
2025-10-08 16:15:00-04:00,4685.47,4685.47,4661.12,4673.59,14661
2025-10-08 16:30:00-04:00,4673.59,4700.65,4667.4,4691.89,21596
2025-10-08 16:45:00-04:00,4691.89,4695.26,4683.99,4685.41,7472
2025-10-09 09:30:00-04:00,4671.66,4681.6,4652.4,4657.14,16725
2025-10-09 09:45:00-04:00,4657.14,4674.89,4653.2,4658.01,17184
2025-10-09 10:00:00-04:00,4658.01,4692.02,4658.01,4690.03,12496
2025-10-09 10:15:00-04:00,4690.03,4698.24,4663.74,4672.02,17496
2025-10-09 10:30:00-04:00,4672.02,4693.82,4670.7,4687.96,16075
2025-10-09 10:45:00-04:00,4687.96,4702.9,4683.76,4683.88,7998
2025-10-09 11:00:00-04:00,4683.88,4685.61,4670.61,4673.8,8513
2025-10-09 11:15:00-04:00,4673.8,4676.29,4667.62,4670.32,5446
2025-10-09 11:30:00-04:00,4670.32,4681.77,4669.07,4681.26,6281
2025-10-09 11:45:00-04:00,4681.26,4685.93,4675.23,4676.85,6679
2025-10-09 12:00:00-04:00,4676.85,4679.77,4660.07,4662.32,7037
2025-10-09 12:15:00-04:00,4662.32,4676.12,4661.82,4673.81,5258
2025-10-09 12:30:00-04:00,4673.81,4682.4,4668.65,4676.89,4549
2025-10-09 12:45:00-04:00,4676.89,4679.28,4666.38,4668.24,5990
2025-10-09 13:00:00-04:00,4668.24,4668.24,4655.67,4662.25,6005
2025-10-09 13:15:00-04:00,4662.25,4679.49,4659.05,4678.38,14928
2025-10-09 13:30:00-04:00,4678.38,4682.16,4667.23,4670.73,9777
2025-10-09 13:45:00-04:00,4670.73,4699.42,4668.61,4696.27,15465
2025-10-09 14:00:00-04:00,4696.27,4700.26,4687.17,4693.96,9414
2025-10-09 14:15:00-04:00,4693.96,4702.69,4684.9,4686.62,15448
2025-10-09 14:30:00-04:00,4686.62,4694.37,4671.94,4678.19,9813
2025-10-09 14:45:00-04:00,4678.19,4691.66,4675.66,4683.52,9734
2025-10-09 15:00:00-04:00,4683.52,4684.96,4648.24,4650.77,14026
2025-10-09 15:15:00-04:00,4650.77,4669.03,4639.78,4668.21,17536
2025-10-09 15:30:00-04:00,4668.21,4680.66,4665.35,4676.46,8627
2025-10-09 15:45:00-04:00,4676.46,4684.42,4663.58,4669.4,8371
2025-10-09 16:00:00-04:00,4669.4,4684.02,4665.14,4679.22,12734
2025-10-09 16:15:00-04:00,4679.22,4684.9,4662.55,4682.51,33919
2025-10-09 16:30:00-04:00,4682.51,4712.51,4679.73,4706.87,21868
2025-10-09 16:45:00-04:00,4706.87,4709.41,4700.87,4707.54,2445
2025-10-10 09:30:00-04:00,4718.26,4732.65,4699.35,4706.76,20078
2025-10-10 09:45:00-04:00,4706.76,4722.93,4698.14,4715.99,22962
2025-10-10 10:00:00-04:00,4715.99,4723.75,4705.62,4708.56,11071
2025-10-10 10:15:00-04:00,4708.56,4713.91,4700.79,4705.19,9769
2025-10-10 10:30:00-04:00,4705.19,4719.38,4701.13,4713.73,7877
2025-10-10 10:45:00-04:00,4713.73,4723.94,4708.04,4711.62,8072
2025-10-10 11:00:00-04:00,4711.62,4719.62,4710.04,4717.84,5810
2025-10-10 11:15:00-04:00,4717.84,4723.47,4716.6,4720.09,5757
2025-10-10 11:30:00-04:00,4720.09,4730.71,4717.78,4726.16,6294
2025-10-10 11:45:00-04:00,4726.16,4730.74,4722.98,4729.66,6322
2025-10-10 12:00:00-04:00,4729.66,4735.57,4726.52,4728.9,5469
2025-10-10 12:15:00-04:00,4728.9,4728.9,4717.71,4720.53,5079
2025-10-10 12:30:00-04:00,4720.53,4725.04,4701.45,4707.0,7962
2025-10-10 12:45:00-04:00,4707.0,4712.16,4699.75,4702.07,5578
2025-10-10 13:00:00-04:00,4702.07,4712.12,4697.28,4705.46,7720
2025-10-10 13:15:00-04:00,4705.46,4705.46,4691.21,4701.38,8582
2025-10-10 13:30:00-04:00,4701.38,4708.73,4698.17,4701.8,8930
2025-10-10 13:45:00-04:00,4701.8,4707.16,4695.71,4701.6,9379
2025-10-10 14:00:00-04:00,4701.6,4709.2,4699.27,4705.19,8496
2025-10-10 14:15:00-04:00,4705.19,4723.59,4703.13,4720.9,14689
2025-10-10 14:30:00-04:00,4720.9,4732.92,4719.25,4727.91,11910
2025-10-10 14:45:00-04:00,4727.91,4729.33,4720.29,4723.88,9474
2025-10-10 15:00:00-04:00,4723.88,4752.13,4721.01,4746.34,11418
2025-10-10 15:15:00-04:00,4746.34,4749.52,4727.55,4730.75,9697
2025-10-10 15:30:00-04:00,4730.75,4749.07,4726.61,4746.9,11019
2025-10-10 15:45:00-04:00,4746.9,4766.18,4745.08,4764.57,28630
2025-10-10 16:00:00-04:00,4764.57,4780.91,4758.2,4762.66,20571
2025-10-10 16:15:00-04:00,4762.66,4767.59,4745.51,4749.01,14212
2025-10-13 09:30:00-04:00,4760.94,4772.51,4725.69,4731.81,17141
2025-10-13 09:45:00-04:00,4731.81,4731.81,4708.81,4722.78,19800
2025-10-13 10:00:00-04:00,4722.78,4740.84,4716.9,4722.57,23564
2025-10-13 10:15:00-04:00,4722.57,4738.44,4717.31,4734.12,11179
2025-10-13 10:30:00-04:00,4734.12,4737.27,4722.96,4732.11,9677
2025-10-13 10:45:00-04:00,4732.11,4735.84,4721.08,4721.51,9937
2025-10-13 11:00:00-04:00,4721.51,4722.99,4707.56,4712.27,6265
2025-10-13 11:15:00-04:00,4712.27,4713.55,4692.25,4694.47,7091
2025-10-13 11:30:00-04:00,4694.47,4704.25,4693.06,4700.31,5277
2025-10-13 11:45:00-04:00,4700.31,4707.9,4697.31,4703.63,6400
2025-10-13 12:00:00-04:00,4703.63,4709.14,4699.81,4708.21,5494
2025-10-13 12:15:00-04:00,4708.21,4717.76,4701.3,4715.8,5445
2025-10-13 12:30:00-04:00,4715.8,4735.75,4713.65,4728.38,7238
2025-10-13 12:45:00-04:00,4728.38,4729.87,4715.11,4719.05,7162
2025-10-13 13:00:00-04:00,4719.05,4721.74,4709.68,4713.73,5634
2025-10-13 13:15:00-04:00,4713.73,4719.31,4705.71,4712.15,7284
2025-10-13 13:30:00-04:00,4712.15,4721.12,4709.09,4716.82,9913
2025-10-13 13:45:00-04:00,4716.82,4723.73,4712.25,4720.97,9439
2025-10-13 14:00:00-04:00,4720.97,4727.31,4712.8,4723.9,11242
2025-10-13 14:15:00-04:00,4723.9,4732.86,4720.83,4726.97,10031
2025-10-13 14:30:00-04:00,4726.97,4735.42,4722.64,4731.94,9353
2025-10-13 14:45:00-04:00,4731.94,4735.83,4706.93,4713.06,14568
2025-10-13 15:00:00-04:00,4713.06,4721.75,4709.14,4718.32,10304
2025-10-13 15:15:00-04:00,4718.32,4730.04,4715.67,4725.35,9024
2025-10-13 15:30:00-04:00,4725.35,4739.87,4713.99,4735.3,9141
2025-10-13 15:45:00-04:00,4735.3,4746.53,4724.65,4727.92,10205
2025-10-13 16:00:00-04:00,4727.92,4744.82,4724.43,4734.51,19662
2025-10-13 16:15:00-04:00,4734.51,4748.89,4726.64,4746.01,17722
2025-10-14 09:30:00-04:00,4738.51,4738.51,4706.29,4711.89,18485
2025-10-14 09:45:00-04:00,4711.89,4719.57,4700.82,4715.42,18502
2025-10-14 10:00:00-04:00,4715.42,4723.63,4707.75,4710.01,9750
2025-10-14 10:15:00-04:00,4710.01,4716.3,4699.71,4703.82,8764
2025-10-14 10:30:00-04:00,4703.82,4711.16,4684.26,4688.24,9353
2025-10-14 10:45:00-04:00,4688.24,4690.87,4671.97,4682.59,10815
2025-10-14 11:00:00-04:00,4682.59,4685.04,4662.59,4667.95,5683
2025-10-14 11:15:00-04:00,4667.95,4667.95,4659.31,4664.46,5482
2025-10-14 11:30:00-04:00,4664.46,4670.2,4661.44,4668.08,5205
2025-10-14 11:45:00-04:00,4668.08,4675.63,4664.15,4673.19,5639
2025-10-14 12:00:00-04:00,4673.19,4677.26,4670.61,4673.26,6439
2025-10-14 12:15:00-04:00,4673.26,4675.19,4662.37,4669.57,8060
2025-10-14 12:30:00-04:00,4669.57,4694.97,4666.9,4693.59,12087
2025-10-14 12:45:00-04:00,4693.59,4722.77,4692.22,4719.86,10386
2025-10-14 13:00:00-04:00,4719.86,4726.7,4716.2,4723.26,5385
2025-10-14 13:15:00-04:00,4723.26,4725.41,4715.53,4720.31,7596
2025-10-14 13:30:00-04:00,4720.31,4731.15,4719.54,4727.92,8700
2025-10-14 13:45:00-04:00,4727.92,4728.29,4718.83,4721.56,9460
2025-10-14 14:00:00-04:00,4721.56,4744.58,4719.15,4742.39,11436
2025-10-14 14:15:00-04:00,4742.39,4755.83,4739.01,4755.12,10747
2025-10-14 14:30:00-04:00,4755.12,4763.58,4753.41,4758.67,10067
2025-10-14 14:45:00-04:00,4758.67,4763.09,4751.86,4752.27,8503
2025-10-14 15:00:00-04:00,4752.27,4754.55,4744.5,4749.19,9131
2025-10-14 15:15:00-04:00,4749.19,4757.65,4742.6,4752.87,9649
2025-10-14 15:30:00-04:00,4752.87,4759.68,4723.12,4727.91,12879
2025-10-14 15:45:00-04:00,4727.91,4753.7,4719.61,4748.38,10592
2025-10-14 16:00:00-04:00,4748.38,4753.83,4733.34,4736.21,15641
2025-10-14 16:15:00-04:00,4736.21,4766.37,4729.4,4764.41,26725
2025-10-14 16:30:00-04:00,4764.41,4765.6,4751.33,4754.03,4364
2025-10-15 09:30:00-04:00,4747.5,4758.65,4736.39,4746.64,18393
2025-10-15 09:45:00-04:00,4746.64,4757.47,4719.44,4730.14,18709
2025-10-15 10:00:00-04:00,4730.14,4735.71,4716.03,4719.9,9618
2025-10-15 10:15:00-04:00,4719.9,4731.46,4719.9,4727.46,9533
2025-10-15 10:30:00-04:00,4727.46,4733.53,4714.56,4717.08,8540
2025-10-15 10:45:00-04:00,4717.08,4718.9,4700.92,4702.64,7862
2025-10-15 11:00:00-04:00,4702.64,4709.61,4700.16,4708.74,5579
2025-10-15 11:15:00-04:00,4708.74,4722.79,4708.62,4721.72,5349
2025-10-15 11:30:00-04:00,4721.72,4724.73,4719.02,4723.14,5196
2025-10-15 11:45:00-04:00,4723.14,4744.29,4722.02,4741.34,6254
2025-10-15 12:00:00-04:00,4741.34,4750.48,4741.34,4746.86,6235
2025-10-15 12:15:00-04:00,4746.86,4751.45,4744.45,4748.53,5266
2025-10-15 12:30:00-04:00,4748.53,4756.62,4746.69,4749.96,5439
2025-10-15 12:45:00-04:00,4749.96,4757.88,4746.28,4755.24,5100
2025-10-15 13:00:00-04:00,4755.24,4769.76,4753.17,4767.06,7454
2025-10-15 13:15:00-04:00,4767.06,4779.32,4767.06,4775.19,8688
2025-10-15 13:30:00-04:00,4775.19,4777.24,4765.08,4771.08,10016
2025-10-15 13:45:00-04:00,4771.08,4777.39,4766.54,4768.26,9117
2025-10-15 14:00:00-04:00,4768.26,4774.71,4760.53,4771.41,8686
2025-10-15 14:15:00-04:00,4771.41,4783.35,4768.12,4777.9,9968
2025-10-15 14:30:00-04:00,4777.9,4810.76,4776.82,4809.61,16603
2025-10-15 14:45:00-04:00,4809.61,4817.2,4793.6,4796.28,11432
2025-10-15 15:00:00-04:00,4796.28,4811.84,4794.64,4808.93,7963
2025-10-15 15:15:00-04:00,4808.93,4826.63,4801.41,4822.08,9030
2025-10-15 15:30:00-04:00,4822.08,4827.86,4806.55,4816.83,13482
2025-10-15 15:45:00-04:00,4816.83,4821.42,4802.84,4809.96,18277
2025-10-15 16:00:00-04:00,4809.96,4812.78,4799.59,4804.35,10994
2025-10-16 09:30:00-04:00,4794.93,4794.93,4762.29,4774.66,19895
2025-10-16 09:45:00-04:00,4774.66,4787.8,4759.25,4764.92,25141
2025-10-16 10:00:00-04:00,4764.92,4767.37,4743.79,4757.06,15267
2025-10-16 10:15:00-04:00,4757.06,4802.12,4755.12,4794.86,15023
2025-10-16 10:30:00-04:00,4794.86,4807.22,4789.87,4797.58,8959
2025-10-16 10:45:00-04:00,4797.58,4813.84,4796.46,4802.62,9452
2025-10-16 11:00:00-04:00,4802.62,4817.57,4802.62,4812.78,7164
2025-10-16 11:15:00-04:00,4812.78,4843.75,4809.24,4842.53,7487
2025-10-16 11:30:00-04:00,4842.53,4852.4,4841.41,4850.85,5564
2025-10-16 11:45:00-04:00,4850.85,4859.77,4844.84,4854.09,6424
2025-10-16 12:00:00-04:00,4854.09,4858.08,4848.18,4855.23,5982
2025-10-16 12:15:00-04:00,4855.23,4858.23,4839.57,4841.33,7973
2025-10-16 12:30:00-04:00,4841.33,4846.62,4836.29,4839.47,5397
2025-10-16 12:45:00-04:00,4839.47,4848.95,4836.64,4847.15,6775
2025-10-16 13:00:00-04:00,4847.15,4851.69,4842.65,4847.41,5417
2025-10-16 13:15:00-04:00,4847.41,4851.45,4841.53,4847.4,8198
2025-10-16 13:30:00-04:00,4847.4,4851.77,4838.85,4843.71,9405
2025-10-16 13:45:00-04:00,4843.71,4847.19,4836.24,4840.53,9807
2025-10-16 14:00:00-04:00,4840.53,4845.89,4832.91,4841.31,10561
2025-10-16 14:15:00-04:00,4841.31,4843.98,4821.62,4825.4,14570
2025-10-16 14:30:00-04:00,4825.4,4834.41,4823.09,4829.96,8557
2025-10-16 14:45:00-04:00,4829.96,4840.66,4822.69,4824.23,10229
2025-10-16 15:00:00-04:00,4824.23,4830.56,4822.87,4823.16,10339
2025-10-16 15:15:00-04:00,4823.16,4840.0,4819.06,4829.19,8108
2025-10-16 15:30:00-04:00,4829.19,4848.21,4821.96,4835.63,9006
2025-10-16 15:45:00-04:00,4835.63,4869.89,4835.34,4864.67,14014
2025-10-16 16:00:00-04:00,4864.67,4871.34,4827.45,4827.7,18429
2025-10-16 16:15:00-04:00,4827.7,4834.69,4819.25,4825.63,8073
2025-10-17 09:30:00-04:00,4827.65,4857.42,4821.71,4848.56,17874
2025-10-17 09:45:00-04:00,4848.56,4848.56,4828.42,4835.19,16363
2025-10-17 10:00:00-04:00,4835.19,4847.49,4831.97,4839.9,8164
2025-10-17 10:15:00-04:00,4839.9,4840.49,4823.73,4826.23,9667
2025-10-17 10:30:00-04:00,4826.23,4839.54,4823.75,4832.33,8292
2025-10-17 10:45:00-04:00,4832.33,4839.52,4824.84,4836.36,8773
2025-10-17 11:00:00-04:00,4836.36,4839.32,4831.2,4835.93,5712
2025-10-17 11:15:00-04:00,4835.93,4839.96,4830.08,4838.16,5454
2025-10-17 11:30:00-04:00,4838.16,4840.67,4832.21,4835.87,5960
2025-10-17 11:45:00-04:00,4835.87,4838.98,4826.63,4827.45,6231
2025-10-17 12:00:00-04:00,4827.45,4829.62,4818.59,4821.4,5399
2025-10-17 12:15:00-04:00,4821.4,4824.07,4808.16,4811.02,9995
2025-10-17 12:30:00-04:00,4811.02,4816.06,4797.97,4801.0,6964
2025-10-17 12:45:00-04:00,4801.0,4808.31,4786.72,4793.76,6199
2025-10-17 13:00:00-04:00,4793.76,4797.54,4787.22,4789.58,6438
2025-10-17 13:15:00-04:00,4789.58,4816.92,4785.01,4812.33,14174
2025-10-17 13:30:00-04:00,4812.33,4815.17,4788.93,4796.11,17266
2025-10-17 13:45:00-04:00,4796.11,4803.96,4789.73,4801.39,9594
2025-10-17 14:00:00-04:00,4801.39,4807.25,4791.95,4802.75,8824
2025-10-17 14:15:00-04:00,4802.75,4829.08,4801.54,4820.52,11204
2025-10-17 14:30:00-04:00,4820.52,4839.42,4820.52,4831.68,8050
2025-10-17 14:45:00-04:00,4831.68,4831.7,4816.64,4819.99,9355
2025-10-17 15:00:00-04:00,4819.99,4831.03,4812.99,4827.79,8846
2025-10-17 15:15:00-04:00,4827.79,4832.06,4798.79,4806.67,10581
2025-10-17 15:30:00-04:00,4806.67,4816.14,4795.62,4808.01,10302
2025-10-17 15:45:00-04:00,4808.01,4810.48,4797.31,4807.53,12218
2025-10-17 16:00:00-04:00,4807.53,4833.5,4799.29,4821.5,35163
2025-10-17 16:15:00-04:00,4821.5,4836.08,4811.83,4830.57,19217
2025-10-20 09:30:00-04:00,4831.1,4851.58,4824.46,4835.53,17529
2025-10-20 09:45:00-04:00,4835.53,4839.59,4799.25,4803.51,24960
2025-10-20 10:00:00-04:00,4803.51,4815.96,4798.23,4803.96,10871
2025-10-20 10:15:00-04:00,4803.96,4807.72,4796.5,4802.29,8696
2025-10-20 10:30:00-04:00,4802.29,4804.5,4765.62,4769.88,14391
2025-10-20 10:45:00-04:00,4769.88,4774.88,4753.49,4759.9,9947
2025-10-20 11:00:00-04:00,4759.9,4766.65,4754.67,4763.82,6893
2025-10-20 11:15:00-04:00,4763.82,4771.62,4760.54,4769.27,5144
2025-10-20 11:30:00-04:00,4769.27,4774.92,4768.28,4773.16,5270
2025-10-20 11:45:00-04:00,4773.16,4788.89,4769.44,4783.18,6657
2025-10-20 12:00:00-04:00,4783.18,4785.11,4775.89,4779.39,5687
2025-10-20 12:15:00-04:00,4779.39,4784.11,4740.76,4745.31,10073
2025-10-20 12:30:00-04:00,4745.31,4747.7,4738.0,4740.52,5293
2025-10-20 12:45:00-04:00,4740.52,4744.13,4731.89,4740.6,5933
2025-10-20 13:00:00-04:00,4740.6,4747.96,4739.35,4746.07,4856
2025-10-20 13:15:00-04:00,4746.07,4771.04,4744.46,4764.23,11833
2025-10-20 13:30:00-04:00,4764.23,4770.85,4757.33,4767.57,8931
2025-10-20 13:45:00-04:00,4767.57,4769.74,4761.07,4766.88,9047
2025-10-20 14:00:00-04:00,4766.88,4775.93,4763.84,4767.14,9395
2025-10-20 14:15:00-04:00,4767.14,4789.11,4758.96,4784.45,21961
2025-10-20 14:30:00-04:00,4784.45,4787.23,4769.67,4770.66,9791
2025-10-20 14:45:00-04:00,4770.66,4779.62,4766.02,4776.19,9870
2025-10-20 15:00:00-04:00,4776.19,4782.54,4765.43,4779.28,8708
2025-10-20 15:15:00-04:00,4779.28,4799.73,4773.58,4784.65,17214
2025-10-20 15:30:00-04:00,4784.65,4784.65,4761.45,4774.82,10083
2025-10-20 15:45:00-04:00,4774.82,4795.04,4769.62,4782.45,10849
2025-10-20 16:00:00-04:00,4782.45,4785.33,4764.35,4770.64,16553
2025-10-20 16:15:00-04:00,4770.64,4772.71,4752.64,4754.66,25077
2025-10-20 16:30:00-04:00,4754.66,4760.76,4747.85,4751.88,3645
2025-10-21 09:30:00-04:00,4739.85,4767.7,4737.77,4755.95,18312
2025-10-21 09:45:00-04:00,4755.95,4779.88,4746.05,4774.12,18828
2025-10-21 10:00:00-04:00,4774.12,4774.12,4753.84,4758.56,9053
2025-10-21 10:15:00-04:00,4758.56,4764.16,4753.05,4759.62,8742
2025-10-21 10:30:00-04:00,4759.62,4761.78,4731.31,4736.98,12265
2025-10-21 10:45:00-04:00,4736.98,4743.46,4725.2,4742.0,9087
2025-10-21 11:00:00-04:00,4742.0,4747.67,4735.84,4745.17,6947
2025-10-21 11:15:00-04:00,4745.17,4747.22,4739.57,4744.49,4980
2025-10-21 11:30:00-04:00,4744.49,4748.71,4743.05,4748.33,5516
2025-10-21 11:45:00-04:00,4748.33,4762.27,4746.76,4759.86,6493
2025-10-21 12:00:00-04:00,4759.86,4763.62,4755.59,4760.32,5137
2025-10-21 12:15:00-04:00,4760.32,4763.85,4757.37,4759.99,4948
2025-10-21 12:30:00-04:00,4759.99,4767.8,4759.17,4766.72,6661
2025-10-21 12:45:00-04:00,4766.72,4767.19,4758.11,4761.46,5882
2025-10-21 13:00:00-04:00,4761.46,4764.89,4753.38,4761.5,8310
2025-10-21 13:15:00-04:00,4761.5,4774.23,4759.15,4762.48,10030
2025-10-21 13:30:00-04:00,4762.48,4769.34,4758.64,4765.54,8874
2025-10-21 13:45:00-04:00,4765.54,4768.73,4755.05,4758.21,8204
2025-10-21 14:00:00-04:00,4758.21,4771.82,4754.21,4768.29,9957
2025-10-21 14:15:00-04:00,4768.29,4782.31,4765.59,4778.75,9179
2025-10-21 14:30:00-04:00,4778.75,4794.1,4777.89,4792.92,8740
2025-10-21 14:45:00-04:00,4792.92,4808.05,4790.25,4803.23,12845
2025-10-21 15:00:00-04:00,4803.23,4806.59,4783.58,4786.75,8762
2025-10-21 15:15:00-04:00,4786.75,4794.6,4774.44,4790.24,13397
2025-10-21 15:30:00-04:00,4790.24,4795.88,4776.88,4792.16,9765
2025-10-21 15:45:00-04:00,4792.16,4811.63,4785.29,4801.1,25075
2025-10-21 16:00:00-04:00,4801.1,4801.1,4767.93,4776.54,17313
2025-10-21 16:15:00-04:00,4776.54,4781.5,4774.31,4780.37,2521
2025-10-22 09:30:00-04:00,4772.75,4786.0,4757.91,4779.21,18213
2025-10-22 09:45:00-04:00,4779.21,4801.51,4777.51,4796.77,19085
2025-10-22 10:00:00-04:00,4796.77,4802.96,4789.73,4792.3,9936
2025-10-22 10:15:00-04:00,4792.3,4806.81,4791.82,4795.04,10702
2025-10-22 10:30:00-04:00,4795.04,4807.13,4789.74,4803.74,8582
2025-10-22 10:45:00-04:00,4803.74,4821.07,4798.94,4810.14,9689
2025-10-22 11:00:00-04:00,4810.14,4813.49,4793.48,4795.82,6512
2025-10-22 11:15:00-04:00,4795.82,4806.13,4794.04,4804.2,5160
2025-10-22 11:30:00-04:00,4804.2,4812.77,4801.38,4808.47,5774
2025-10-22 11:45:00-04:00,4808.47,4816.71,4796.62,4814.53,7186
2025-10-22 12:00:00-04:00,4814.53,4818.47,4804.42,4806.51,5972
2025-10-22 12:15:00-04:00,4806.51,4826.3,4803.82,4821.39,8879
2025-10-22 12:30:00-04:00,4821.39,4826.39,4818.01,4825.42,5189
2025-10-22 12:45:00-04:00,4825.42,4853.68,4823.54,4851.79,6831
2025-10-22 13:00:00-04:00,4851.79,4883.23,4847.39,4878.89,7021
2025-10-22 13:15:00-04:00,4878.89,4881.93,4868.84,4871.83,7771
2025-10-22 13:30:00-04:00,4871.83,4880.12,4866.03,4869.71,9087
2025-10-22 13:45:00-04:00,4869.71,4870.16,4861.74,4867.75,8465
2025-10-22 14:00:00-04:00,4867.75,4868.29,4855.55,4861.15,8475
2025-10-22 14:15:00-04:00,4861.15,4875.52,4854.72,4870.95,9690
2025-10-22 14:30:00-04:00,4870.95,4872.58,4860.08,4865.59,10189
2025-10-22 14:45:00-04:00,4865.59,4880.18,4863.95,4873.79,9590
2025-10-22 15:00:00-04:00,4873.79,4878.42,4871.81,4875.51,9462
2025-10-22 15:15:00-04:00,4875.51,4907.14,4870.12,4905.32,13841
2025-10-22 15:30:00-04:00,4905.32,4912.07,4884.21,4901.86,12961
2025-10-22 15:45:00-04:00,4901.86,4917.78,4897.97,4909.83,10606
2025-10-22 16:00:00-04:00,4909.83,4914.53,4895.79,4902.05,16087
2025-10-22 16:15:00-04:00,4902.05,4904.49,4886.66,4897.59,14199
2025-10-23 09:30:00-04:00,4902.83,4943.71,4897.64,4937.93,18291
2025-10-23 09:45:00-04:00,4937.93,4954.09,4935.28,4947.49,16073
2025-10-23 10:00:00-04:00,4947.49,4954.4,4929.63,4934.33,9408
2025-10-23 10:15:00-04:00,4934.33,4962.87,4932.33,4961.79,24304
2025-10-23 10:30:00-04:00,4961.79,4965.24,4949.64,4960.34,8550
2025-10-23 10:45:00-04:00,4960.34,4971.67,4958.15,4963.71,9723
2025-10-23 11:00:00-04:00,4963.71,4968.58,4940.29,4945.08,15397
2025-10-23 11:15:00-04:00,4945.08,4946.57,4937.21,4940.33,5433
2025-10-23 11:30:00-04:00,4940.33,4946.65,4936.69,4937.27,5681
2025-10-23 11:45:00-04:00,4937.27,4941.64,4912.24,4915.41,7898
2025-10-23 12:00:00-04:00,4915.41,4923.03,4911.46,4914.44,5551
2025-10-23 12:15:00-04:00,4914.44,4914.44,4885.12,4886.98,12075
2025-10-23 12:30:00-04:00,4886.98,4895.66,4873.1,4880.05,8829
2025-10-23 12:45:00-04:00,4880.05,4885.71,4877.18,4881.96,5267
2025-10-23 13:00:00-04:00,4881.96,4889.8,4879.67,4884.92,5135
2025-10-23 13:15:00-04:00,4884.92,4885.89,4869.89,4876.01,7628
2025-10-23 13:30:00-04:00,4876.01,4889.36,4874.77,4887.72,8607
2025-10-23 13:45:00-04:00,4887.72,4911.27,4885.46,4902.9,12705
2025-10-23 14:00:00-04:00,4902.9,4906.96,4898.33,4901.09,9503
2025-10-23 14:15:00-04:00,4901.09,4923.38,4896.41,4920.1,10283
2025-10-23 14:30:00-04:00,4920.1,4931.76,4919.97,4926.81,10047
2025-10-23 14:45:00-04:00,4926.81,4935.38,4921.96,4932.54,9646
2025-10-23 15:00:00-04:00,4932.54,4940.08,4926.22,4935.56,8509
2025-10-23 15:15:00-04:00,4935.56,4940.03,4917.85,4922.75,9341
2025-10-23 15:30:00-04:00,4922.75,4931.15,4911.58,4918.7,8782
2025-10-23 15:45:00-04:00,4918.7,4930.4,4911.25,4927.16,10611
2025-10-23 16:00:00-04:00,4927.16,4933.91,4917.51,4929.44,18651
2025-10-23 16:15:00-04:00,4929.44,4934.18,4918.39,4923.02,11216
2025-10-24 09:30:00-04:00,4909.51,4922.84,4899.44,4917.66,18112
2025-10-24 09:45:00-04:00,4917.66,4945.01,4917.66,4942.86,40105
2025-10-24 10:00:00-04:00,4942.86,4958.72,4930.24,4935.43,24098
2025-10-24 10:15:00-04:00,4935.43,4948.09,4930.19,4939.35,10879
2025-10-24 10:30:00-04:00,4939.35,4943.85,4929.8,4936.07,9158
2025-10-24 10:45:00-04:00,4936.07,4957.97,4931.95,4955.35,8148
2025-10-24 11:00:00-04:00,4955.35,4955.57,4910.45,4914.19,13800
2025-10-24 11:15:00-04:00,4914.19,4917.69,4907.77,4915.55,5811
2025-10-24 11:30:00-04:00,4915.55,4917.03,4907.46,4909.39,4737
2025-10-24 11:45:00-04:00,4909.39,4915.08,4903.99,4910.58,5324
2025-10-24 12:00:00-04:00,4910.58,4915.75,4901.78,4903.97,7185
2025-10-24 12:15:00-04:00,4903.97,4905.45,4880.03,4884.51,9402
2025-10-24 12:30:00-04:00,4884.51,4899.12,4883.12,4896.19,5419
2025-10-24 12:45:00-04:00,4896.19,4896.97,4887.37,4893.82,5022
2025-10-24 13:00:00-04:00,4893.82,4900.67,4891.49,4894.65,5516
2025-10-24 13:15:00-04:00,4894.65,4897.94,4866.17,4867.95,8589
2025-10-24 13:30:00-04:00,4867.95,4873.73,4859.02,4863.58,9392
2025-10-24 13:45:00-04:00,4863.58,4868.39,4853.02,4863.55,9537
2025-10-24 14:00:00-04:00,4863.55,4869.2,4858.91,4866.41,9436
2025-10-24 14:15:00-04:00,4866.41,4880.86,4858.86,4878.23,14065
2025-10-24 14:30:00-04:00,4878.23,4880.98,4863.75,4866.56,8815
2025-10-24 14:45:00-04:00,4866.56,4875.89,4857.43,4871.75,9032
2025-10-24 15:00:00-04:00,4871.75,4875.28,4852.43,4856.94,11536
2025-10-24 15:15:00-04:00,4856.94,4859.61,4841.47,4853.54,12122
2025-10-24 15:30:00-04:00,4853.54,4879.34,4851.75,4869.61,10947
2025-10-24 15:45:00-04:00,4869.61,4905.64,4863.06,4901.46,12831
2025-10-24 16:00:00-04:00,4901.46,4905.72,4884.5,4890.1,9965
2025-10-24 16:15:00-04:00,4890.1,4898.53,4875.19,4892.29,14492
2025-10-24 16:30:00-04:00,4892.29,4912.29,4888.54,4907.12,19854
2025-10-24 16:45:00-04:00,4907.12,4907.12,4901.9,4905.55,2294
2025-10-27 09:30:00-04:00,4913.16,4918.19,4874.08,4894.04,42201
2025-10-27 09:45:00-04:00,4894.04,4929.81,4886.0,4917.49,17310
2025-10-27 10:00:00-04:00,4917.49,4932.61,4909.5,4917.23,10930
2025-10-27 10:15:00-04:00,4917.23,4923.4,4905.16,4920.08,8999
2025-10-27 10:30:00-04:00,4920.08,4926.17,4910.85,4914.65,10573
2025-10-27 10:45:00-04:00,4914.65,4923.73,4905.51,4921.18,9785
2025-10-27 11:00:00-04:00,4921.18,4931.08,4918.96,4929.41,7939
2025-10-27 11:15:00-04:00,4929.41,4942.24,4926.65,4936.15,6236
2025-10-27 11:30:00-04:00,4936.15,4939.92,4925.78,4930.6,6103
2025-10-27 11:45:00-04:00,4930.6,4938.91,4928.36,4931.65,4941
2025-10-27 12:00:00-04:00,4931.65,4931.77,4917.36,4919.35,5168
2025-10-27 12:15:00-04:00,4919.35,4926.63,4914.9,4918.58,6942
2025-10-27 12:30:00-04:00,4918.58,4920.15,4887.35,4890.47,7068
2025-10-27 12:45:00-04:00,4890.47,4892.22,4881.76,4883.8,5312
2025-10-27 13:00:00-04:00,4883.8,4889.66,4883.23,4887.12,5420
2025-10-27 13:15:00-04:00,4887.12,4898.01,4877.84,4894.88,9237
2025-10-27 13:30:00-04:00,4894.88,4896.44,4877.27,4879.56,9837
2025-10-27 13:45:00-04:00,4879.56,4879.56,4864.4,4870.5,8762
2025-10-27 14:00:00-04:00,4870.5,4880.72,4865.04,4880.11,10576
2025-10-27 14:15:00-04:00,4880.11,4886.4,4872.46,4874.3,9706
2025-10-27 14:30:00-04:00,4874.3,4885.73,4866.86,4883.13,12634
2025-10-27 14:45:00-04:00,4883.13,4898.06,4880.56,4889.73,12854
2025-10-27 15:00:00-04:00,4889.73,4895.4,4882.61,4886.32,10873
2025-10-27 15:15:00-04:00,4886.32,4891.86,4873.9,4880.24,9042
2025-10-27 15:30:00-04:00,4880.24,4894.0,4868.71,4879.69,8722
2025-10-27 15:45:00-04:00,4879.69,4894.64,4864.22,4890.46,21315
2025-10-27 16:00:00-04:00,4890.46,4899.88,4877.83,4897.77,19160
2025-10-27 16:15:00-04:00,4897.77,4901.98,4884.4,4886.21,7317
2025-10-28 09:30:00-04:00,4899.74,4904.17,4877.23,4879.29,20636
2025-10-28 09:45:00-04:00,4879.29,4893.26,4869.28,4871.13,17000
2025-10-28 10:00:00-04:00,4871.13,4882.05,4860.25,4872.05,8938
2025-10-28 10:15:00-04:00,4872.05,4901.56,4869.54,4897.87,12374
2025-10-28 10:30:00-04:00,4897.87,4900.44,4878.28,4883.69,10944
2025-10-28 10:45:00-04:00,4883.69,4886.97,4870.79,4879.15,9756
2025-10-28 11:00:00-04:00,4879.15,4890.46,4873.07,4889.8,7617
2025-10-28 11:15:00-04:00,4889.8,4890.98,4858.72,4864.69,7549
2025-10-28 11:30:00-04:00,4864.69,4874.95,4861.27,4871.15,5770
2025-10-28 11:45:00-04:00,4871.15,4871.15,4860.04,4862.84,5853
2025-10-28 12:00:00-04:00,4862.84,4863.73,4856.98,4860.26,4840
2025-10-28 12:15:00-04:00,4860.26,4868.22,4854.63,4856.95,6445
2025-10-28 12:30:00-04:00,4856.95,4868.92,4854.4,4866.13,5153
2025-10-28 12:45:00-04:00,4866.13,4873.61,4862.95,4866.63,5372
2025-10-28 13:00:00-04:00,4866.63,4866.63,4850.33,4855.21,7401
2025-10-28 13:15:00-04:00,4855.21,4875.13,4851.52,4869.81,9319
2025-10-28 13:30:00-04:00,4869.81,4884.16,4863.71,4881.24,12830
2025-10-28 13:45:00-04:00,4881.24,4895.44,4877.95,4893.2,17096
2025-10-28 14:00:00-04:00,4893.2,4905.49,4890.91,4894.82,9087
2025-10-28 14:15:00-04:00,4894.82,4898.58,4874.94,4879.12,15923
2025-10-28 14:30:00-04:00,4879.12,4907.55,4875.63,4906.21,12878
2025-10-28 14:45:00-04:00,4906.21,4909.47,4897.34,4905.79,8999
2025-10-28 15:00:00-04:00,4905.79,4908.06,4896.38,4904.82,12443
2025-10-28 15:15:00-04:00,4904.82,4914.13,4898.43,4909.06,9092
2025-10-28 15:30:00-04:00,4909.06,4940.66,4902.86,4935.05,10706
2025-10-28 15:45:00-04:00,4935.05,4939.17,4909.96,4914.75,10658
2025-10-28 16:00:00-04:00,4914.75,4926.45,4907.87,4924.13,26563
2025-10-28 16:15:00-04:00,4924.13,4929.42,4903.82,4913.39,16353
2025-10-28 16:30:00-04:00,4913.39,4913.39,4906.38,4907.09,2390
2025-10-29 09:30:00-04:00,4902.2,4906.1,4869.99,4878.42,20316
2025-10-29 09:45:00-04:00,4878.42,4879.32,4862.98,4874.78,18993
2025-10-29 10:00:00-04:00,4874.78,4904.73,4873.54,4897.19,8805
2025-10-29 10:15:00-04:00,4897.19,4906.89,4892.51,4896.18,8384
2025-10-29 10:30:00-04:00,4896.18,4921.16,4886.15,4916.35,11515
2025-10-29 10:45:00-04:00,4916.35,4930.49,4911.37,4929.67,9844
2025-10-29 11:00:00-04:00,4929.67,4938.27,4927.89,4935.24,4946
2025-10-29 11:15:00-04:00,4935.24,4937.25,4928.49,4932.21,5021
2025-10-29 11:30:00-04:00,4932.21,4934.73,4922.52,4927.39,5208
2025-10-29 11:45:00-04:00,4927.39,4935.68,4925.63,4934.93,5667
2025-10-29 12:00:00-04:00,4934.93,4939.28,4931.05,4932.59,5456
2025-10-29 12:15:00-04:00,4932.59,4939.29,4929.23,4938.17,5264
2025-10-29 12:30:00-04:00,4938.17,4945.04,4936.16,4942.01,5219
2025-10-29 12:45:00-04:00,4942.01,4946.01,4934.69,4940.88,5873
2025-10-29 13:00:00-04:00,4940.88,4949.31,4935.05,4936.91,8557
2025-10-29 13:15:00-04:00,4936.91,4954.54,4934.52,4950.76,9195
2025-10-29 13:30:00-04:00,4950.76,4953.61,4945.03,4951.23,9027
2025-10-29 13:45:00-04:00,4951.23,4955.42,4919.31,4923.06,16327
2025-10-29 14:00:00-04:00,4923.06,4935.87,4920.33,4935.14,8774
2025-10-29 14:15:00-04:00,4935.14,4939.03,4929.78,4935.52,8409
2025-10-29 14:30:00-04:00,4935.52,4935.52,4914.19,4917.29,8820
2025-10-29 14:45:00-04:00,4917.29,4923.17,4907.62,4910.16,9946
2025-10-29 15:00:00-04:00,4910.16,4915.2,4874.71,4880.45,15293
2025-10-29 15:15:00-04:00,4880.45,4886.68,4866.04,4873.07,9100
2025-10-29 15:30:00-04:00,4873.07,4886.63,4865.49,4883.76,9935
2025-10-29 15:45:00-04:00,4883.76,4895.45,4869.1,4886.24,20951
2025-10-29 16:00:00-04:00,4886.24,4887.14,4867.11,4881.49,15686
2025-10-30 09:30:00-04:00,4894.69,4951.52,4887.29,4945.46,27617
2025-10-30 09:45:00-04:00,4945.46,4947.13,4910.37,4916.88,25049
2025-10-30 10:00:00-04:00,4916.88,4923.51,4907.95,4918.52,9903
2025-10-30 10:15:00-04:00,4918.52,4924.08,4907.33,4914.34,9116
2025-10-30 10:30:00-04:00,4914.34,4919.79,4903.58,4906.12,8934
2025-10-30 10:45:00-04:00,4906.12,4914.46,4882.53,4886.33,15103
2025-10-30 11:00:00-04:00,4886.33,4889.65,4869.12,4871.91,8373
2025-10-30 11:15:00-04:00,4871.91,4892.08,4871.38,4889.74,5424
2025-10-30 11:30:00-04:00,4889.74,4890.17,4862.65,4864.74,7770
2025-10-30 11:45:00-04:00,4864.74,4879.61,4861.51,4875.02,7742
2025-10-30 12:00:00-04:00,4875.02,4877.28,4864.63,4864.68,5336
2025-10-30 12:15:00-04:00,4864.68,4869.98,4862.73,4867.39,5679
2025-10-30 12:30:00-04:00,4867.39,4869.49,4860.24,4864.87,5355
2025-10-30 12:45:00-04:00,4864.87,4871.98,4860.7,4869.88,5887
2025-10-30 13:00:00-04:00,4869.88,4892.1,4867.99,4889.72,5689
2025-10-30 13:15:00-04:00,4889.72,4895.48,4884.4,4886.62,6943
2025-10-30 13:30:00-04:00,4886.62,4894.44,4874.74,4880.4,9981
2025-10-30 13:45:00-04:00,4880.4,4882.98,4857.11,4863.47,12445
2025-10-30 14:00:00-04:00,4863.47,4887.31,4859.65,4880.69,10506
2025-10-30 14:15:00-04:00,4880.69,4881.98,4869.15,4876.75,9251
2025-10-30 14:30:00-04:00,4876.75,4883.5,4872.91,4880.22,8405
2025-10-30 14:45:00-04:00,4880.22,4889.09,4873.85,4882.69,9057
2025-10-30 15:00:00-04:00,4882.69,4894.55,4882.69,4884.82,9133
2025-10-30 15:15:00-04:00,4884.82,4903.6,4875.75,4895.53,16417
2025-10-30 15:30:00-04:00,4895.53,4898.29,4864.94,4867.4,21506
2025-10-30 15:45:00-04:00,4867.4,4883.5,4861.2,4867.14,8740
2025-10-30 16:00:00-04:00,4867.14,4899.07,4859.64,4896.19,13438
2025-10-30 16:15:00-04:00,4896.19,4905.53,4888.32,4890.44,18783
2025-10-30 16:30:00-04:00,4890.44,4891.76,4858.11,4861.91,33185
2025-10-30 16:45:00-04:00,4861.91,4864.21,4837.72,4851.46,26500
2025-10-31 09:30:00-04:00,4840.34,4862.57,4839.5,4859.83,18301
2025-10-31 09:45:00-04:00,4859.83,4863.39,4842.71,4850.04,17633
2025-10-31 10:00:00-04:00,4850.04,4856.57,4841.79,4852.9,9309
2025-10-31 10:15:00-04:00,4852.9,4854.38,4828.93,4830.89,14849
2025-10-31 10:30:00-04:00,4830.89,4833.13,4813.31,4824.35,10608
2025-10-31 10:45:00-04:00,4824.35,4829.36,4804.05,4807.8,9065
2025-10-31 11:00:00-04:00,4807.8,4811.29,4799.16,4806.56,8142
2025-10-31 11:15:00-04:00,4806.56,4824.9,4804.72,4820.77,7189
2025-10-31 11:30:00-04:00,4820.77,4824.3,4817.43,4820.64,5626
2025-10-31 11:45:00-04:00,4820.64,4825.33,4812.9,4814.87,6296
2025-10-31 12:00:00-04:00,4814.87,4817.43,4788.19,4790.52,9809
2025-10-31 12:15:00-04:00,4790.52,4797.13,4784.72,4794.37,5537
2025-10-31 12:30:00-04:00,4794.37,4817.95,4789.39,4811.3,7746
2025-10-31 12:45:00-04:00,4811.3,4815.14,4804.89,4808.75,6287
2025-10-31 13:00:00-04:00,4808.75,4811.22,4801.12,4810.21,6153
2025-10-31 13:15:00-04:00,4810.21,4814.29,4799.61,4802.4,6397
2025-10-31 13:30:00-04:00,4802.4,4816.6,4789.59,4792.35,18496
2025-10-31 13:45:00-04:00,4792.35,4794.43,4779.12,4781.43,10711
2025-10-31 14:00:00-04:00,4781.43,4790.04,4772.51,4787.45,13240
2025-10-31 14:15:00-04:00,4787.45,4801.94,4782.0,4800.24,16370
2025-10-31 14:30:00-04:00,4800.24,4807.19,4797.75,4802.09,10041
2025-10-31 14:45:00-04:00,4802.09,4808.37,4796.34,4799.05,9390
2025-10-31 15:00:00-04:00,4799.05,4804.51,4792.13,4797.11,7893
2025-10-31 15:15:00-04:00,4797.11,4808.59,4792.35,4793.88,11507
2025-10-31 15:30:00-04:00,4793.88,4796.2,4783.46,4790.93,12105
2025-10-31 15:45:00-04:00,4790.93,4805.02,4784.68,4800.02,10533
2025-10-31 16:00:00-04:00,4800.02,4813.34,4790.82,4806.25,15220
2025-10-31 16:15:00-04:00,4806.25,4822.35,4803.0,4815.04,18369
2025-10-31 16:30:00-04:00,4815.04,4829.45,4809.67,4823.15,17472
2025-11-03 09:30:00-05:00,4814.53,4840.1,4805.17,4836.31,21805
2025-11-03 09:45:00-05:00,4836.31,4840.1,4816.18,4828.71,19470
2025-11-03 10:00:00-05:00,4828.71,4854.09,4826.11,4843.81,19334
2025-11-03 10:15:00-05:00,4843.81,4863.64,4841.38,4861.94,9830
2025-11-03 10:30:00-05:00,4861.94,4879.86,4861.16,4876.32,9616
2025-11-03 10:45:00-05:00,4876.32,4877.43,4852.34,4857.03,15000
2025-11-03 11:00:00-05:00,4857.03,4871.29,4854.42,4869.66,9191
2025-11-03 11:15:00-05:00,4869.66,4884.51,4866.79,4883.09,7181
2025-11-03 11:30:00-05:00,4883.09,4897.33,4880.42,4894.84,5004
2025-11-03 11:45:00-05:00,4894.84,4902.27,4892.54,4899.96,5227
2025-11-03 12:00:00-05:00,4899.96,4903.45,4895.04,4897.19,5894
2025-11-03 12:15:00-05:00,4897.19,4901.82,4889.54,4891.65,5449
2025-11-03 12:30:00-05:00,4891.65,4909.06,4887.25,4905.57,9360
2025-11-03 12:45:00-05:00,4905.57,4907.72,4900.89,4905.51,5116
2025-11-03 13:00:00-05:00,4905.51,4908.14,4900.22,4903.55,5967
2025-11-03 13:15:00-05:00,4903.55,4909.73,4881.21,4887.37,10351
2025-11-03 13:30:00-05:00,4887.37,4897.69,4880.24,4894.98,9443
2025-11-03 13:45:00-05:00,4894.98,4896.93,4887.2,4891.43,8459
2025-11-03 14:00:00-05:00,4891.43,4895.81,4884.36,4891.69,8790
2025-11-03 14:15:00-05:00,4891.69,4911.69,4891.02,4906.39,8527
2025-11-03 14:30:00-05:00,4906.39,4920.97,4906.38,4913.86,8861
2025-11-03 14:45:00-05:00,4913.86,4925.24,4911.32,4922.12,9783
2025-11-03 15:00:00-05:00,4922.12,4928.83,4917.06,4924.17,8481
2025-11-03 15:15:00-05:00,4924.17,4940.13,4920.72,4937.94,9115
2025-11-03 15:30:00-05:00,4937.94,4961.35,4935.41,4944.11,9302
2025-11-03 15:45:00-05:00,4944.11,4950.53,4915.07,4917.9,25348
2025-11-03 16:00:00-05:00,4917.9,4951.99,4910.04,4949.53,27442
2025-11-03 16:15:00-05:00,4949.53,4967.0,4947.78,4961.04,18505
2025-11-03 16:30:00-05:00,4961.04,4961.04,4954.52,4958.48,2737
2025-11-04 09:30:00-05:00,4954.8,4971.33,4943.53,4952.79,28561
2025-11-04 09:45:00-05:00,4952.79,4954.6,4916.55,4931.63,24819
2025-11-04 10:00:00-05:00,4931.63,4949.35,4920.91,4944.54,13959
2025-11-04 10:15:00-05:00,4944.54,4969.95,4942.3,4967.01,15693
2025-11-04 10:30:00-05:00,4967.01,4983.73,4958.52,4978.99,9752
2025-11-04 10:45:00-05:00,4978.99,4987.88,4978.18,4984.78,8938
2025-11-04 11:00:00-05:00,4984.78,4998.23,4979.77,4993.75,8217
2025-11-04 11:15:00-05:00,4993.75,4999.37,4986.16,4988.62,4961
2025-11-04 11:30:00-05:00,4988.62,5014.33,4986.13,5010.97,7395
2025-11-04 11:45:00-05:00,5010.97,5019.62,5005.35,5015.81,5955
2025-11-04 12:00:00-05:00,5015.81,5023.8,5012.78,5015.66,5203
2025-11-04 12:15:00-05:00,5015.66,5015.79,5004.42,5008.51,5812
2025-11-04 12:30:00-05:00,5008.51,5009.08,5001.65,5005.73,4572
2025-11-04 12:45:00-05:00,5005.73,5018.69,5003.76,5014.43,5314
2025-11-04 13:00:00-05:00,5014.43,5021.49,5006.95,5010.7,5591
2025-11-04 13:15:00-05:00,5010.7,5014.47,4998.13,5002.85,8022
2025-11-04 13:30:00-05:00,5002.85,5003.83,4990.31,5002.49,9003
2025-11-04 13:45:00-05:00,5002.49,5005.2,4987.23,4989.28,9025
2025-11-04 14:00:00-05:00,4989.28,4994.05,4978.63,4987.63,10813
2025-11-04 14:15:00-05:00,4987.63,5013.22,4985.65,5008.47,10964
2025-11-04 14:30:00-05:00,5008.47,5015.85,5004.28,5009.71,8969
2025-11-04 14:45:00-05:00,5009.71,5016.73,5005.6,5013.05,8828
2025-11-04 15:00:00-05:00,5013.05,5023.8,5010.91,5020.26,9143
2025-11-04 15:15:00-05:00,5020.26,5037.29,5016.89,5030.75,9890
2025-11-04 15:30:00-05:00,5030.75,5045.08,5027.93,5038.31,8492
2025-11-04 15:45:00-05:00,5038.31,5044.92,5012.15,5020.78,18535
2025-11-04 16:00:00-05:00,5020.78,5026.73,4992.32,4996.6,17860
2025-11-04 16:15:00-05:00,4996.6,5004.53,4991.49,4996.2,8070
2025-11-05 09:30:00-05:00,4982.97,5002.21,4977.91,4982.2,18980
2025-11-05 09:45:00-05:00,4982.2,4983.69,4958.03,4966.2,16521
2025-11-05 10:00:00-05:00,4966.2,4969.83,4943.14,4952.63,12754
2025-11-05 10:15:00-05:00,4952.63,4958.61,4939.05,4947.77,9055
2025-11-05 10:30:00-05:00,4947.77,4966.94,4939.03,4961.38,17170
2025-11-05 10:45:00-05:00,4961.38,4972.76,4955.49,4963.21,10524
2025-11-05 11:00:00-05:00,4963.21,4980.56,4962.84,4978.25,8655
2025-11-05 11:15:00-05:00,4978.25,4999.81,4975.84,4996.54,8225
2025-11-05 11:30:00-05:00,4996.54,5016.48,4996.54,5015.23,5118
2025-11-05 11:45:00-05:00,5015.23,5022.58,5008.45,5011.43,5261
2025-11-05 12:00:00-05:00,5011.43,5021.37,5009.09,5018.37,5306
2025-11-05 12:15:00-05:00,5018.37,5019.94,4985.19,4987.13,11106
2025-11-05 12:30:00-05:00,4987.13,4991.31,4971.5,4973.49,10966
2025-11-05 12:45:00-05:00,4973.49,4979.79,4967.21,4976.95,7090
2025-11-05 13:00:00-05:00,4976.95,4976.95,4967.49,4971.6,6316
2025-11-05 13:15:00-05:00,4971.6,4979.09,4969.37,4976.35,6597
2025-11-05 13:30:00-05:00,4976.35,5008.72,4973.57,5004.99,18458
2025-11-05 13:45:00-05:00,5004.99,5014.53,4999.6,5007.16,9627
2025-11-05 14:00:00-05:00,5007.16,5013.79,4981.98,4985.17,13619
2025-11-05 14:15:00-05:00,4985.17,4990.67,4976.22,4979.71,11066
2025-11-05 14:30:00-05:00,4979.71,4983.33,4973.91,4977.8,7711
2025-11-05 14:45:00-05:00,4977.8,4987.84,4975.14,4979.83,9025
2025-11-05 15:00:00-05:00,4979.83,4983.69,4964.59,4972.09,9876
2025-11-05 15:15:00-05:00,4972.09,4973.18,4962.7,4968.08,8420
2025-11-05 15:30:00-05:00,4968.08,4976.42,4953.16,4960.82,8916
2025-11-05 15:45:00-05:00,4960.82,4976.58,4954.84,4963.54,9877
2025-11-05 16:00:00-05:00,4963.54,4978.09,4959.22,4976.39,13820
2025-11-05 16:15:00-05:00,4976.39,5001.31,4973.62,4993.56,21442
2025-11-05 16:30:00-05:00,4993.56,4995.02,4973.07,4981.96,18792
2025-11-06 09:30:00-05:00,4996.64,5024.94,4986.32,4990.51,19270
2025-11-06 09:45:00-05:00,4990.51,4991.39,4968.15,4978.01,17177
2025-11-06 10:00:00-05:00,4978.01,4979.43,4955.76,4963.52,9143
2025-11-06 10:15:00-05:00,4963.52,4974.28,4962.88,4966.9,9252
2025-11-06 10:30:00-05:00,4966.9,4975.74,4954.79,4957.76,8461
2025-11-06 10:45:00-05:00,4957.76,4966.1,4949.39,4963.64,9423
2025-11-06 11:00:00-05:00,4963.64,4999.61,4963.31,4993.69,6573
2025-11-06 11:15:00-05:00,4993.69,5005.93,4993.32,5004.29,5458
2025-11-06 11:30:00-05:00,5004.29,5010.01,5000.95,5009.15,5089
2025-11-06 11:45:00-05:00,5009.15,5014.96,5004.1,5006.7,5484
2025-11-06 12:00:00-05:00,5006.7,5008.39,4998.31,5000.95,5305
2025-11-06 12:15:00-05:00,5000.95,5010.7,5000.95,5009.04,5628
2025-11-06 12:30:00-05:00,5009.04,5016.27,5003.51,5004.89,8462
2025-11-06 12:45:00-05:00,5004.89,5010.53,4995.13,5009.36,9323
2025-11-06 13:00:00-05:00,5009.36,5026.11,5007.47,5020.51,6392
2025-11-06 13:15:00-05:00,5020.51,5033.61,5014.15,5031.49,15470
2025-11-06 13:30:00-05:00,5031.49,5034.54,5004.35,5021.03,14756
2025-11-06 13:45:00-05:00,5021.03,5030.36,5017.87,5019.29,8473
2025-11-06 14:00:00-05:00,5019.29,5023.21,5008.12,5014.1,8502
2025-11-06 14:15:00-05:00,5014.1,5020.25,5000.2,5003.2,14186
2025-11-06 14:30:00-05:00,5003.2,5006.56,4990.01,4992.25,9299
2025-11-06 14:45:00-05:00,4992.25,4996.59,4984.08,4989.76,8908
2025-11-06 15:00:00-05:00,4989.76,4999.27,4982.49,4995.89,9108
2025-11-06 15:15:00-05:00,4995.89,5008.28,4991.35,4994.91,13371
2025-11-06 15:30:00-05:00,4994.91,5025.79,4994.91,5019.36,9807
2025-11-06 15:45:00-05:00,5019.36,5032.47,5006.14,5013.91,9919
2025-11-06 16:00:00-05:00,5013.91,5021.06,5004.26,5007.16,17085
2025-11-06 16:15:00-05:00,5007.16,5012.82,4980.93,4983.88,21222
2025-11-06 16:30:00-05:00,4983.88,4990.36,4973.39,4977.3,4966
2025-11-07 09:30:00-05:00,4978.78,4983.88,4948.58,4963.56,43732
2025-11-07 09:45:00-05:00,4963.56,4975.08,4951.54,4959.33,19365
2025-11-07 10:00:00-05:00,4959.33,4977.74,4954.18,4958.04,14404
2025-11-07 10:15:00-05:00,4958.04,4964.36,4946.87,4947.77,14224
2025-11-07 10:30:00-05:00,4947.77,4948.59,4932.42,4942.18,10173
2025-11-07 10:45:00-05:00,4942.18,4960.32,4939.95,4948.24,12752
2025-11-07 11:00:00-05:00,4948.24,4949.51,4934.86,4941.19,12480
2025-11-07 11:15:00-05:00,4941.19,4942.22,4919.15,4925.86,10182
2025-11-07 11:30:00-05:00,4925.86,4928.57,4917.39,4920.13,5348
2025-11-07 11:45:00-05:00,4920.13,4925.8,4917.81,4924.05,6297
2025-11-07 12:00:00-05:00,4924.05,4929.33,4919.51,4923.14,5369
2025-11-07 12:15:00-05:00,4923.14,4944.04,4921.43,4943.6,10596
2025-11-07 12:30:00-05:00,4943.6,4945.83,4936.19,4941.44,5163
2025-11-07 12:45:00-05:00,4941.44,4957.6,4938.82,4954.08,6406
2025-11-07 13:00:00-05:00,4954.08,4964.06,4954.0,4960.08,4860
2025-11-07 13:15:00-05:00,4960.08,4960.08,4924.43,4925.29,8721
2025-11-07 13:30:00-05:00,4925.29,4938.04,4916.75,4935.52,9521
2025-11-07 13:45:00-05:00,4935.52,4939.58,4929.96,4933.16,9827
2025-11-07 14:00:00-05:00,4933.16,4942.88,4932.8,4940.75,9188
2025-11-07 14:15:00-05:00,4940.75,4952.65,4938.23,4946.81,10759
2025-11-07 14:30:00-05:00,4946.81,4953.83,4938.64,4950.68,9651
2025-11-07 14:45:00-05:00,4950.68,4954.14,4941.72,4944.66,9977
2025-11-07 15:00:00-05:00,4944.66,4944.66,4915.36,4916.37,14373
2025-11-07 15:15:00-05:00,4916.37,4920.75,4908.71,4910.41,8271
2025-11-07 15:30:00-05:00,4910.41,4915.03,4891.03,4894.07,14942
2025-11-07 15:45:00-05:00,4894.07,4896.73,4878.0,4883.99,8316
2025-11-07 16:00:00-05:00,4883.99,4911.3,4877.38,4907.73,13195
2025-11-07 16:15:00-05:00,4907.73,4926.84,4905.03,4908.0,19035
2025-11-07 16:30:00-05:00,4908.0,4910.56,4886.25,4904.03,36213
2025-11-07 16:45:00-05:00,4904.03,4911.5,4894.2,4904.29,11886
